Using vips to process variants requires the libvips library. Please install libvips using the instructions on the libvips website.
Using vips to process variants requires the libvips library. Please install libvips using the instructions on the libvips website.
Using vips to process variants requires the libvips library. Please install libvips using the instructions on the libvips website.
Using vips to process variants requires the libvips library. Please install libvips using the instructions on the libvips website.
Using vips to process variants requires the libvips library. Please install libvips using the instructions on the libvips website.
Using vips to process variants requires the libvips library. Please install libvips using the instructions on the libvips website.
Using vips to process variants requires the libvips library. Please install libvips using the instructions on the libvips website.
Using vips to process variants requires the libvips library. Please install libvips using the instructions on the libvips website.
Using vips to process variants requires the libvips library. Please install libvips using the instructions on the libvips website.
Using vips to process variants requires the libvips library. Please install libvips using the instructions on the libvips website.
Using vips to process variants requires the libvips library. Please install libvips using the instructions on the libvips website.
Using vips to process variants requires the libvips library. Please install libvips using the instructions on the libvips website.
  [1m[35m (0.8ms)[0m  [1m[35mCREATE TABLE "schema_migrations" ("version" varchar NOT NULL PRIMARY KEY) /*application='PizzaOrders'*/[0m
  [1m[35m (0.3ms)[0m  [1m[35mCREATE TABLE "ar_internal_metadata" ("key" varchar NOT NULL PRIMARY KEY, "value" varchar, "created_at" datetime(6) NOT NULL, "updated_at" datetime(6) NOT NULL) /*application='PizzaOrders'*/[0m
  [1m[36mActiveRecord::InternalMetadata Load (0.2ms)[0m  [1m[34mSELECT * FROM "ar_internal_metadata" WHERE "ar_internal_metadata"."key" = 'environment' ORDER BY "ar_internal_metadata"."key" ASC LIMIT 1 /*application='PizzaOrders'*/[0m
  [1m[36mActiveRecord::InternalMetadata Create (0.2ms)[0m  [1m[32mINSERT INTO "ar_internal_metadata" ("key", "value", "created_at", "updated_at") VALUES ('environment', 'development', '2026-09-18 12:44:41.240493', '2026-09-18 12:44:41.240497') RETURNING "key" /*application='PizzaOrders'*/[0m
  [1m[36mActiveRecord::SchemaMigration Load (0.1ms)[0m  [1m[34mSELECT "schema_migrations"."version" FROM "schema_migrations" ORDER BY "schema_migrations"."version" ASC /*application='PizzaOrders'*/[0m
Migrating to CreatePizzas (20260918122909)
  [1m[36mTRANSACTION (0.0ms)[0m  [1m[35mBEGIN immediate TRANSACTION /*application='PizzaOrders'*/[0m
  [1m[35m (1.3ms)[0m  [1m[35mCREATE TABLE "pizzas" ("id" integer PRIMARY KEY AUTOINCREMENT NOT NULL, "name" varchar, "base_price" decimal, "created_at" datetime(6) NOT NULL, "updated_at" datetime(6) NOT NULL) /*application='PizzaOrders'*/[0m
  [1m[36mActiveRecord::SchemaMigration Create (0.1ms)[0m  [1m[32mINSERT INTO "schema_migrations" ("version") VALUES ('20260918122909') RETURNING "version" /*application='PizzaOrders'*/[0m
  [1m[36mTRANSACTION (0.2ms)[0m  [1m[35mCOMMIT TRANSACTION /*application='PizzaOrders'*/[0m
Migrating to CreateOrders (20260918123302)
Using vips to process variants requires the libvips library. Please install libvips using the instructions on the libvips website.
  [1m[36mActiveRecord::InternalMetadata Load (0.3ms)[0m  [1m[34mSELECT * FROM "ar_internal_metadata" WHERE "ar_internal_metadata"."key" = 'environment' ORDER BY "ar_internal_metadata"."key" ASC LIMIT 1 /*application='PizzaOrders'*/[0m
  [1m[36mActiveRecord::SchemaMigration Load (0.1ms)[0m  [1m[34mSELECT "schema_migrations"."version" FROM "schema_migrations" ORDER BY "schema_migrations"."version" ASC /*application='PizzaOrders'*/[0m
Migrating to CreateOrders (20260918123302)
Using vips to process variants requires the libvips library. Please install libvips using the instructions on the libvips website.
  [1m[36mActiveRecord::InternalMetadata Load (0.2ms)[0m  [1m[34mSELECT * FROM "ar_internal_metadata" WHERE "ar_internal_metadata"."key" = 'environment' ORDER BY "ar_internal_metadata"."key" ASC LIMIT 1 /*application='PizzaOrders'*/[0m
  [1m[36mActiveRecord::SchemaMigration Load (0.1ms)[0m  [1m[34mSELECT "schema_migrations"."version" FROM "schema_migrations" ORDER BY "schema_migrations"."version" ASC /*application='PizzaOrders'*/[0m
Migrating to CreateOrders (20260918123302)
  [1m[36mTRANSACTION (0.1ms)[0m  [1m[35mBEGIN immediate TRANSACTION /*application='PizzaOrders'*/[0m
  [1m[35m (1.4ms)[0m  [1m[35mCREATE TABLE "orders" ("id" integer PRIMARY KEY AUTOINCREMENT NOT NULL, "source_id" varchar, "state" integer DEFAULT 0 NOT NULL, "promotion_codes" json DEFAULT '[]' NOT NULL, "discount_code" varchar, "created_at" datetime(6) NOT NULL, "updated_at" datetime(6) NOT NULL) /*application='PizzaOrders'*/[0m
  [1m[36mActiveRecord::SchemaMigration Create (0.2ms)[0m  [1m[32mINSERT INTO "schema_migrations" ("version") VALUES ('20260918123302') RETURNING "version" /*application='PizzaOrders'*/[0m
  [1m[36mTRANSACTION (0.6ms)[0m  [1m[35mCOMMIT TRANSACTION /*application='PizzaOrders'*/[0m
Migrating to CreateOrderItems (20260918123304)
  [1m[36mTRANSACTION (0.0ms)[0m  [1m[35mBEGIN immediate TRANSACTION /*application='PizzaOrders'*/[0m
  [1m[35m (1.2ms)[0m  [1m[35mCREATE TABLE "order_items" ("id" integer PRIMARY KEY AUTOINCREMENT NOT NULL, "order_id" integer NOT NULL, "pizza_id" integer NOT NULL, "size" varchar NOT NULL, "extra_ingredients" json DEFAULT '[]' NOT NULL, "omitted_ingredients" json DEFAULT '[]' NOT NULL, "created_at" datetime(6) NOT NULL, "updated_at" datetime(6) NOT NULL, CONSTRAINT "fk_rails_e3cb28f071"
FOREIGN KEY ("order_id")
  REFERENCES "orders" ("id")
, CONSTRAINT "fk_rails_d28b17c368"
FOREIGN KEY ("pizza_id")
  REFERENCES "pizzas" ("id")
) /*application='PizzaOrders'*/[0m
  [1m[35m (0.1ms)[0m  [1m[35mCREATE INDEX "index_order_items_on_order_id" ON "order_items" ("order_id") /*application='PizzaOrders'*/[0m
  [1m[35m (0.1ms)[0m  [1m[35mCREATE INDEX "index_order_items_on_pizza_id" ON "order_items" ("pizza_id") /*application='PizzaOrders'*/[0m
  [1m[36mActiveRecord::SchemaMigration Create (0.1ms)[0m  [1m[32mINSERT INTO "schema_migrations" ("version") VALUES ('20260918123304') RETURNING "version" /*application='PizzaOrders'*/[0m
  [1m[36mTRANSACTION (0.2ms)[0m  [1m[35mCOMMIT TRANSACTION /*application='PizzaOrders'*/[0m
  [1m[36mActiveRecord::SchemaMigration Load (0.1ms)[0m  [1m[34mSELECT "schema_migrations"."version" FROM "schema_migrations" ORDER BY "schema_migrations"."version" ASC /*application='PizzaOrders'*/[0m
Using vips to process variants requires the libvips library. Please install libvips using the instructions on the libvips website.
  [1m[36mPizza Count (0.2ms)[0m  [1m[34mSELECT COUNT(*) FROM "pizzas" /*application='PizzaOrders'*/[0m
Using vips to process variants requires the libvips library. Please install libvips using the instructions on the libvips website.
  [1m[36mPizza Load (2.7ms)[0m  [1m[34mSELECT "pizzas".* FROM "pizzas" /* loading for pp */ LIMIT 11 /*application='PizzaOrders'*/[0m
  [1m[36mTRANSACTION (0.1ms)[0m  [1m[35mBEGIN immediate TRANSACTION /*application='PizzaOrders'*/[0m
  [1m[36mPizza Exists? (0.5ms)[0m  [1m[34mSELECT 1 AS one FROM "pizzas" WHERE "pizzas"."name" = 'Margherita' LIMIT 1 /*application='PizzaOrders'*/[0m
  [1m[36mPizza Create (0.2ms)[0m  [1m[32mINSERT INTO "pizzas" ("name", "base_price", "created_at", "updated_at") VALUES ('Margherita', 5.0, '2026-09-18 13:15:08.543175', '2026-09-18 13:15:08.543175') RETURNING "id" /*application='PizzaOrders'*/[0m
  [1m[36mTRANSACTION (0.6ms)[0m  [1m[35mCOMMIT TRANSACTION /*application='PizzaOrders'*/[0m
  [1m[36mTRANSACTION (0.1ms)[0m  [1m[35mBEGIN immediate TRANSACTION /*application='PizzaOrders'*/[0m
  [1m[36mPizza Exists? (0.4ms)[0m  [1m[34mSELECT 1 AS one FROM "pizzas" WHERE "pizzas"."name" = 'Tonno' LIMIT 1 /*application='PizzaOrders'*/[0m
  [1m[36mPizza Create (0.1ms)[0m  [1m[32mINSERT INTO "pizzas" ("name", "base_price", "created_at", "updated_at") VALUES ('Tonno', 8.0, '2026-09-18 13:15:15.190578', '2026-09-18 13:15:15.190578') RETURNING "id" /*application='PizzaOrders'*/[0m
  [1m[36mTRANSACTION (0.1ms)[0m  [1m[35mCOMMIT TRANSACTION /*application='PizzaOrders'*/[0m
  [1m[36mTRANSACTION (0.1ms)[0m  [1m[35mBEGIN immediate TRANSACTION /*application='PizzaOrders'*/[0m
  [1m[36mPizza Exists? (0.4ms)[0m  [1m[34mSELECT 1 AS one FROM "pizzas" WHERE "pizzas"."name" = 'Salami' LIMIT 1 /*application='PizzaOrders'*/[0m
  [1m[36mPizza Create (0.2ms)[0m  [1m[32mINSERT INTO "pizzas" ("name", "base_price", "created_at", "updated_at") VALUES ('Salami', 6.0, '2026-09-18 13:15:21.632256', '2026-09-18 13:15:21.632256') RETURNING "id" /*application='PizzaOrders'*/[0m
  [1m[36mTRANSACTION (0.1ms)[0m  [1m[35mCOMMIT TRANSACTION /*application='PizzaOrders'*/[0m
  [1m[36mPizza Load (0.1ms)[0m  [1m[34mSELECT "pizzas".* FROM "pizzas" /* loading for pp */ LIMIT 11 /*application='PizzaOrders'*/[0m
  [1m[36mPizza Load (0.1ms)[0m  [1m[34mSELECT "pizzas".* FROM "pizzas" /*application='PizzaOrders'*/[0m
  [1m[36mTRANSACTION (0.1ms)[0m  [1m[35mBEGIN immediate TRANSACTION /*application='PizzaOrders'*/[0m
  [1m[36mOrderItem Exists? (0.1ms)[0m  [1m[34mSELECT 1 AS one FROM "order_items" WHERE "order_items"."pizza_id" = 1 LIMIT 1 /*application='PizzaOrders'*/[0m
  [1m[36mPizza Destroy (0.1ms)[0m  [1m[31mDELETE FROM "pizzas" WHERE "pizzas"."id" = 1 /*application='PizzaOrders'*/[0m
  [1m[36mTRANSACTION (0.1ms)[0m  [1m[35mCOMMIT TRANSACTION /*application='PizzaOrders'*/[0m
  [1m[36mTRANSACTION (0.1ms)[0m  [1m[35mBEGIN immediate TRANSACTION /*application='PizzaOrders'*/[0m
  [1m[36mOrderItem Exists? (0.5ms)[0m  [1m[34mSELECT 1 AS one FROM "order_items" WHERE "order_items"."pizza_id" = 2 LIMIT 1 /*application='PizzaOrders'*/[0m
  [1m[36mPizza Destroy (0.1ms)[0m  [1m[31mDELETE FROM "pizzas" WHERE "pizzas"."id" = 2 /*application='PizzaOrders'*/[0m
  [1m[36mTRANSACTION (0.1ms)[0m  [1m[35mCOMMIT TRANSACTION /*application='PizzaOrders'*/[0m
  [1m[36mTRANSACTION (0.0ms)[0m  [1m[35mBEGIN immediate TRANSACTION /*application='PizzaOrders'*/[0m
  [1m[36mOrderItem Exists? (0.3ms)[0m  [1m[34mSELECT 1 AS one FROM "order_items" WHERE "order_items"."pizza_id" = 3 LIMIT 1 /*application='PizzaOrders'*/[0m
  [1m[36mPizza Destroy (0.1ms)[0m  [1m[31mDELETE FROM "pizzas" WHERE "pizzas"."id" = 3 /*application='PizzaOrders'*/[0m
  [1m[36mTRANSACTION (0.1ms)[0m  [1m[35mCOMMIT TRANSACTION /*application='PizzaOrders'*/[0m
  [1m[36mPizza Load (0.1ms)[0m  [1m[34mSELECT "pizzas".* FROM "pizzas" /* loading for pp */ LIMIT 11 /*application='PizzaOrders'*/[0m
Using vips to process variants requires the libvips library. Please install libvips using the instructions on the libvips website.
  [1m[36mActiveRecord::SchemaMigration Load (0.2ms)[0m  [1m[34mSELECT "schema_migrations"."version" FROM "schema_migrations" ORDER BY "schema_migrations"."version" ASC /*application='PizzaOrders'*/[0m
Using vips to process variants requires the libvips library. Please install libvips using the instructions on the libvips website.
  [1m[36mActiveRecord::SchemaMigration Load (0.2ms)[0m  [1m[34mSELECT "schema_migrations"."version" FROM "schema_migrations" ORDER BY "schema_migrations"."version" ASC /*application='PizzaOrders'*/[0m
  [1m[36mPizza Load (0.1ms)[0m  [1m[34mSELECT "pizzas".* FROM "pizzas" WHERE "pizzas"."name" = 'Margherita' LIMIT 1 /*application='PizzaOrders'*/[0m
  [1m[36mTRANSACTION (0.1ms)[0m  [1m[35mBEGIN immediate TRANSACTION /*application='PizzaOrders'*/[0m
  [1m[36mPizza Exists? (0.1ms)[0m  [1m[34mSELECT 1 AS one FROM "pizzas" WHERE "pizzas"."name" = 'Margherita' LIMIT 1 /*application='PizzaOrders'*/[0m
  [1m[36mPizza Create (0.3ms)[0m  [1m[32mINSERT INTO "pizzas" ("name", "base_price", "created_at", "updated_at") VALUES ('Margherita', 5.0, '2026-09-18 13:18:15.315157', '2026-09-18 13:18:15.315157') RETURNING "id" /*application='PizzaOrders'*/[0m
  [1m[36mTRANSACTION (0.6ms)[0m  [1m[35mCOMMIT TRANSACTION /*application='PizzaOrders'*/[0m
  [1m[36mPizza Load (0.1ms)[0m  [1m[34mSELECT "pizzas".* FROM "pizzas" WHERE "pizzas"."name" = 'Salami' LIMIT 1 /*application='PizzaOrders'*/[0m
  [1m[36mTRANSACTION (0.0ms)[0m  [1m[35mBEGIN immediate TRANSACTION /*application='PizzaOrders'*/[0m
  [1m[36mPizza Exists? (2.3ms)[0m  [1m[34mSELECT 1 AS one FROM "pizzas" WHERE "pizzas"."name" = 'Salami' LIMIT 1 /*application='PizzaOrders'*/[0m
  [1m[36mPizza Create (0.1ms)[0m  [1m[32mINSERT INTO "pizzas" ("name", "base_price", "created_at", "updated_at") VALUES ('Salami', 6.0, '2026-09-18 13:18:15.326006', '2026-09-18 13:18:15.326006') RETURNING "id" /*application='PizzaOrders'*/[0m
  [1m[36mTRANSACTION (0.1ms)[0m  [1m[35mCOMMIT TRANSACTION /*application='PizzaOrders'*/[0m
  [1m[36mPizza Load (0.1ms)[0m  [1m[34mSELECT "pizzas".* FROM "pizzas" WHERE "pizzas"."name" = 'Tonno' LIMIT 1 /*application='PizzaOrders'*/[0m
  [1m[36mTRANSACTION (0.0ms)[0m  [1m[35mBEGIN immediate TRANSACTION /*application='PizzaOrders'*/[0m
  [1m[36mPizza Exists? (1.9ms)[0m  [1m[34mSELECT 1 AS one FROM "pizzas" WHERE "pizzas"."name" = 'Tonno' LIMIT 1 /*application='PizzaOrders'*/[0m
  [1m[36mPizza Create (0.3ms)[0m  [1m[32mINSERT INTO "pizzas" ("name", "base_price", "created_at", "updated_at") VALUES ('Tonno', 8.0, '2026-09-18 13:18:15.335368', '2026-09-18 13:18:15.335368') RETURNING "id" /*application='PizzaOrders'*/[0m
  [1m[36mTRANSACTION (0.1ms)[0m  [1m[35mCOMMIT TRANSACTION /*application='PizzaOrders'*/[0m
Using vips to process variants requires the libvips library. Please install libvips using the instructions on the libvips website.
  [1m[36mPizza Load (2.8ms)[0m  [1m[34mSELECT "pizzas".* FROM "pizzas" /* loading for pp */ LIMIT 11 /*application='PizzaOrders'*/[0m
Using vips to process variants requires the libvips library. Please install libvips using the instructions on the libvips website.
Using vips to process variants requires the libvips library. Please install libvips using the instructions on the libvips website.
Using vips to process variants requires the libvips library. Please install libvips using the instructions on the libvips website.
Using vips to process variants requires the libvips library. Please install libvips using the instructions on the libvips website.
  [1m[36mTRANSACTION (0.1ms)[0m  [1m[35mBEGIN immediate TRANSACTION /*application='PizzaOrders'*/[0m
  [1m[36mOrder Create (1.1ms)[0m  [1m[32mINSERT INTO "orders" ("source_id", "state", "promotion_codes", "discount_code", "created_at", "updated_at") VALUES ('test-1', 0, '[]', NULL, '2026-09-21 12:47:51.076967', '2026-09-21 12:47:51.076967') RETURNING "id" /*application='PizzaOrders'*/[0m
  [1m[36mTRANSACTION (0.6ms)[0m  [1m[35mCOMMIT TRANSACTION /*application='PizzaOrders'*/[0m
  [1m[36mPizza Load (0.2ms)[0m  [1m[34mSELECT "pizzas".* FROM "pizzas" WHERE "pizzas"."name" = 'Salami' LIMIT 1 /*application='PizzaOrders'*/[0m
  [1m[36mTRANSACTION (0.1ms)[0m  [1m[35mBEGIN immediate TRANSACTION /*application='PizzaOrders'*/[0m
  [1m[36mOrderItem Create (1.2ms)[0m  [1m[32mINSERT INTO "order_items" ("order_id", "pizza_id", "size", "extra_ingredients", "omitted_ingredients", "created_at", "updated_at") VALUES (1, 5, 'Medium', '[]', '[]', '2026-09-21 12:48:12.803310', '2026-09-21 12:48:12.803310') RETURNING "id" /*application='PizzaOrders'*/[0m
  [1m[36mTRANSACTION (0.2ms)[0m  [1m[35mCOMMIT TRANSACTION /*application='PizzaOrders'*/[0m
  [1m[36mOrderItem Count (0.1ms)[0m  [1m[34mSELECT COUNT(*) FROM "order_items" WHERE "order_items"."order_id" = 1 /*application='PizzaOrders'*/[0m
Using vips to process variants requires the libvips library. Please install libvips using the instructions on the libvips website.
Using vips to process variants requires the libvips library. Please install libvips using the instructions on the libvips website.
  [1m[36mActiveRecord::InternalMetadata Load (0.9ms)[0m  [1m[34mSELECT * FROM "ar_internal_metadata" WHERE "ar_internal_metadata"."key" = 'environment' ORDER BY "ar_internal_metadata"."key" ASC LIMIT 1 /*application='PizzaOrders'*/[0m
  [1m[36mActiveRecord::SchemaMigration Load (0.1ms)[0m  [1m[34mSELECT "schema_migrations"."version" FROM "schema_migrations" ORDER BY "schema_migrations"."version" ASC /*application='PizzaOrders'*/[0m
Migrating to AddUniqueIndexToOrdersSourceId (20260921125106)
  [1m[36mTRANSACTION (0.1ms)[0m  [1m[35mBEGIN immediate TRANSACTION /*application='PizzaOrders'*/[0m
  [1m[35m (1.5ms)[0m  [1m[35mCREATE UNIQUE INDEX "index_orders_on_source_id" ON "orders" ("source_id") /*application='PizzaOrders'*/[0m
  [1m[36mActiveRecord::SchemaMigration Create (0.1ms)[0m  [1m[32mINSERT INTO "schema_migrations" ("version") VALUES ('20260921125106') RETURNING "version" /*application='PizzaOrders'*/[0m
  [1m[36mTRANSACTION (0.5ms)[0m  [1m[35mCOMMIT TRANSACTION /*application='PizzaOrders'*/[0m
  [1m[36mActiveRecord::SchemaMigration Load (0.1ms)[0m  [1m[34mSELECT "schema_migrations"."version" FROM "schema_migrations" ORDER BY "schema_migrations"."version" ASC /*application='PizzaOrders'*/[0m
Using vips to process variants requires the libvips library. Please install libvips using the instructions on the libvips website.
  [1m[36mActiveRecord::SchemaMigration Load (0.2ms)[0m  [1m[34mSELECT "schema_migrations"."version" FROM "schema_migrations" ORDER BY "schema_migrations"."version" ASC /*application='PizzaOrders'*/[0m
  [1m[36mPizza Load (0.2ms)[0m  [1m[34mSELECT "pizzas".* FROM "pizzas" WHERE "pizzas"."name" = 'Margherita' LIMIT 1 /*application='PizzaOrders'*/[0m
  [1m[36mPizza Load (0.1ms)[0m  [1m[34mSELECT "pizzas".* FROM "pizzas" WHERE "pizzas"."name" = 'Salami' LIMIT 1 /*application='PizzaOrders'*/[0m
  [1m[36mPizza Load (0.1ms)[0m  [1m[34mSELECT "pizzas".* FROM "pizzas" WHERE "pizzas"."name" = 'Tonno' LIMIT 1 /*application='PizzaOrders'*/[0m
  [1m[36mOrder Load (0.1ms)[0m  [1m[34mSELECT "orders".* FROM "orders" WHERE "orders"."source_id" = '316c6832-e038-4599-bc32-2b0bf1b9f1c1' LIMIT 1 /*application='PizzaOrders'*/[0m
  [1m[36mTRANSACTION (0.1ms)[0m  [1m[35mBEGIN immediate TRANSACTION /*application='PizzaOrders'*/[0m
  [1m[36mOrder Exists? (1.5ms)[0m  [1m[34mSELECT 1 AS one FROM "orders" WHERE "orders"."source_id" = '316c6832-e038-4599-bc32-2b0bf1b9f1c1' LIMIT 1 /*application='PizzaOrders'*/[0m
  [1m[36mOrder Create (0.2ms)[0m  [1m[32mINSERT INTO "orders" ("source_id", "state", "promotion_codes", "discount_code", "created_at", "updated_at") VALUES ('316c6832-e038-4599-bc32-2b0bf1b9f1c1', 0, '[]', NULL, '2021-04-14 11:16:00', '2026-09-21 13:00:35.361116') RETURNING "id" /*application='PizzaOrders'*/[0m
  [1m[36mTRANSACTION (0.7ms)[0m  [1m[35mCOMMIT TRANSACTION /*application='PizzaOrders'*/[0m
  [1m[36mPizza Load (0.1ms)[0m  [1m[34mSELECT "pizzas".* FROM "pizzas" WHERE "pizzas"."name" = 'Tonno' LIMIT 1 /*application='PizzaOrders'*/[0m
  [1m[36mTRANSACTION (0.1ms)[0m  [1m[35mBEGIN immediate TRANSACTION /*application='PizzaOrders'*/[0m
  [1m[36mOrderItem Create (1.6ms)[0m  [1m[32mINSERT INTO "order_items" ("order_id", "pizza_id", "size", "extra_ingredients", "omitted_ingredients", "created_at", "updated_at") VALUES (2, 6, 'Large', '[]', '[]', '2026-09-21 13:00:35.407781', '2026-09-21 13:00:35.407781') RETURNING "id" /*application='PizzaOrders'*/[0m
  [1m[36mTRANSACTION (0.2ms)[0m  [1m[35mCOMMIT TRANSACTION /*application='PizzaOrders'*/[0m
  [1m[36mOrder Load (0.1ms)[0m  [1m[34mSELECT "orders".* FROM "orders" WHERE "orders"."source_id" = 'f40d59d0-48bd-409a-ac7b-54a1b47f6680' LIMIT 1 /*application='PizzaOrders'*/[0m
  [1m[36mTRANSACTION (0.0ms)[0m  [1m[35mBEGIN immediate TRANSACTION /*application='PizzaOrders'*/[0m
  [1m[36mOrder Exists? (2.2ms)[0m  [1m[34mSELECT 1 AS one FROM "orders" WHERE "orders"."source_id" = 'f40d59d0-48bd-409a-ac7b-54a1b47f6680' LIMIT 1 /*application='PizzaOrders'*/[0m
  [1m[36mOrder Create (0.1ms)[0m  [1m[32mINSERT INTO "orders" ("source_id", "state", "promotion_codes", "discount_code", "created_at", "updated_at") VALUES ('f40d59d0-48bd-409a-ac7b-54a1b47f6680', 0, '[]', NULL, '2021-04-14 13:17:25', '2026-09-21 13:00:35.417975') RETURNING "id" /*application='PizzaOrders'*/[0m
  [1m[36mTRANSACTION (0.1ms)[0m  [1m[35mCOMMIT TRANSACTION /*application='PizzaOrders'*/[0m
  [1m[36mPizza Load (0.1ms)[0m  [1m[34mSELECT "pizzas".* FROM "pizzas" WHERE "pizzas"."name" = 'Margherita' LIMIT 1 /*application='PizzaOrders'*/[0m
  [1m[36mTRANSACTION (0.0ms)[0m  [1m[35mBEGIN immediate TRANSACTION /*application='PizzaOrders'*/[0m
  [1m[36mOrderItem Create (1.9ms)[0m  [1m[32mINSERT INTO "order_items" ("order_id", "pizza_id", "size", "extra_ingredients", "omitted_ingredients", "created_at", "updated_at") VALUES (3, 4, 'Large', '["Onions","Cheese","Olives"]', '[]', '2026-09-21 13:00:35.423482', '2026-09-21 13:00:35.423482') RETURNING "id" /*application='PizzaOrders'*/[0m
  [1m[36mTRANSACTION (0.2ms)[0m  [1m[35mCOMMIT TRANSACTION /*application='PizzaOrders'*/[0m
  [1m[36mPizza Load (0.1ms)[0m  [1m[34mSELECT "pizzas".* FROM "pizzas" WHERE "pizzas"."name" = 'Tonno' LIMIT 1 /*application='PizzaOrders'*/[0m
  [1m[36mTRANSACTION (0.0ms)[0m  [1m[35mBEGIN immediate TRANSACTION /*application='PizzaOrders'*/[0m
  [1m[36mOrderItem Create (1.4ms)[0m  [1m[32mINSERT INTO "order_items" ("order_id", "pizza_id", "size", "extra_ingredients", "omitted_ingredients", "created_at", "updated_at") VALUES (3, 6, 'Medium', '[]', '["Onions","Olives"]', '2026-09-21 13:00:35.430045', '2026-09-21 13:00:35.430045') RETURNING "id" /*application='PizzaOrders'*/[0m
  [1m[36mTRANSACTION (0.2ms)[0m  [1m[35mCOMMIT TRANSACTION /*application='PizzaOrders'*/[0m
  [1m[36mPizza Load (0.1ms)[0m  [1m[34mSELECT "pizzas".* FROM "pizzas" WHERE "pizzas"."name" = 'Margherita' LIMIT 1 /*application='PizzaOrders'*/[0m
  [1m[36mTRANSACTION (0.0ms)[0m  [1m[35mBEGIN immediate TRANSACTION /*application='PizzaOrders'*/[0m
  [1m[36mOrderItem Create (1.4ms)[0m  [1m[32mINSERT INTO "order_items" ("order_id", "pizza_id", "size", "extra_ingredients", "omitted_ingredients", "created_at", "updated_at") VALUES (3, 4, 'Small', '[]', '[]', '2026-09-21 13:00:35.435292', '2026-09-21 13:00:35.435292') RETURNING "id" /*application='PizzaOrders'*/[0m
  [1m[36mTRANSACTION (0.2ms)[0m  [1m[35mCOMMIT TRANSACTION /*application='PizzaOrders'*/[0m
  [1m[36mOrder Load (0.1ms)[0m  [1m[34mSELECT "orders".* FROM "orders" WHERE "orders"."source_id" = '9232679d-e3fd-40bd-81f4-7114ea96e420' LIMIT 1 /*application='PizzaOrders'*/[0m
  [1m[36mTRANSACTION (0.0ms)[0m  [1m[35mBEGIN immediate TRANSACTION /*application='PizzaOrders'*/[0m
  [1m[36mOrder Exists? (1.4ms)[0m  [1m[34mSELECT 1 AS one FROM "orders" WHERE "orders"."source_id" = '9232679d-e3fd-40bd-81f4-7114ea96e420' LIMIT 1 /*application='PizzaOrders'*/[0m
  [1m[36mOrder Create (0.1ms)[0m  [1m[32mINSERT INTO "orders" ("source_id", "state", "promotion_codes", "discount_code", "created_at", "updated_at") VALUES ('9232679d-e3fd-40bd-81f4-7114ea96e420', 0, '["2FOR1"]', 'SAVE5', '2021-04-14 14:08:47', '2026-09-21 13:00:35.443172') RETURNING "id" /*application='PizzaOrders'*/[0m
  [1m[36mTRANSACTION (0.1ms)[0m  [1m[35mCOMMIT TRANSACTION /*application='PizzaOrders'*/[0m
  [1m[36mPizza Load (0.1ms)[0m  [1m[34mSELECT "pizzas".* FROM "pizzas" WHERE "pizzas"."name" = 'Salami' LIMIT 1 /*application='PizzaOrders'*/[0m
  [1m[36mTRANSACTION (0.0ms)[0m  [1m[35mBEGIN immediate TRANSACTION /*application='PizzaOrders'*/[0m
  [1m[36mOrderItem Create (1.5ms)[0m  [1m[32mINSERT INTO "order_items" ("order_id", "pizza_id", "size", "extra_ingredients", "omitted_ingredients", "created_at", "updated_at") VALUES (4, 5, 'Medium', '["Onions"]', '["Cheese"]', '2026-09-21 13:00:35.447395', '2026-09-21 13:00:35.447395') RETURNING "id" /*application='PizzaOrders'*/[0m
  [1m[36mTRANSACTION (0.2ms)[0m  [1m[35mCOMMIT TRANSACTION /*application='PizzaOrders'*/[0m
  [1m[36mPizza Load (0.1ms)[0m  [1m[34mSELECT "pizzas".* FROM "pizzas" WHERE "pizzas"."name" = 'Salami' LIMIT 1 /*application='PizzaOrders'*/[0m
  [1m[36mTRANSACTION (0.0ms)[0m  [1m[35mBEGIN immediate TRANSACTION /*application='PizzaOrders'*/[0m
  [1m[36mOrderItem Create (1.5ms)[0m  [1m[32mINSERT INTO "order_items" ("order_id", "pizza_id", "size", "extra_ingredients", "omitted_ingredients", "created_at", "updated_at") VALUES (4, 5, 'Small', '[]', '[]', '2026-09-21 13:00:35.452914', '2026-09-21 13:00:35.452914') RETURNING "id" /*application='PizzaOrders'*/[0m
  [1m[36mTRANSACTION (0.2ms)[0m  [1m[35mCOMMIT TRANSACTION /*application='PizzaOrders'*/[0m
  [1m[36mPizza Load (0.1ms)[0m  [1m[34mSELECT "pizzas".* FROM "pizzas" WHERE "pizzas"."name" = 'Salami' LIMIT 1 /*application='PizzaOrders'*/[0m
  [1m[36mTRANSACTION (0.0ms)[0m  [1m[35mBEGIN immediate TRANSACTION /*application='PizzaOrders'*/[0m
  [1m[36mOrderItem Create (1.5ms)[0m  [1m[32mINSERT INTO "order_items" ("order_id", "pizza_id", "size", "extra_ingredients", "omitted_ingredients", "created_at", "updated_at") VALUES (4, 5, 'Small', '[]', '[]', '2026-09-21 13:00:35.458525', '2026-09-21 13:00:35.458525') RETURNING "id" /*application='PizzaOrders'*/[0m
  [1m[36mTRANSACTION (0.2ms)[0m  [1m[35mCOMMIT TRANSACTION /*application='PizzaOrders'*/[0m
  [1m[36mPizza Load (0.1ms)[0m  [1m[34mSELECT "pizzas".* FROM "pizzas" WHERE "pizzas"."name" = 'Salami' LIMIT 1 /*application='PizzaOrders'*/[0m
  [1m[36mTRANSACTION (0.0ms)[0m  [1m[35mBEGIN immediate TRANSACTION /*application='PizzaOrders'*/[0m
  [1m[36mOrderItem Create (1.5ms)[0m  [1m[32mINSERT INTO "order_items" ("order_id", "pizza_id", "size", "extra_ingredients", "omitted_ingredients", "created_at", "updated_at") VALUES (4, 5, 'Small', '[]', '[]', '2026-09-21 13:00:35.475696', '2026-09-21 13:00:35.475696') RETURNING "id" /*application='PizzaOrders'*/[0m
  [1m[36mTRANSACTION (0.2ms)[0m  [1m[35mCOMMIT TRANSACTION /*application='PizzaOrders'*/[0m
  [1m[36mPizza Load (0.1ms)[0m  [1m[34mSELECT "pizzas".* FROM "pizzas" WHERE "pizzas"."name" = 'Salami' LIMIT 1 /*application='PizzaOrders'*/[0m
  [1m[36mTRANSACTION (0.0ms)[0m  [1m[35mBEGIN immediate TRANSACTION /*application='PizzaOrders'*/[0m
  [1m[36mOrderItem Create (2.4ms)[0m  [1m[32mINSERT INTO "order_items" ("order_id", "pizza_id", "size", "extra_ingredients", "omitted_ingredients", "created_at", "updated_at") VALUES (4, 5, 'Small', '["Olives"]', '[]', '2026-09-21 13:00:35.481150', '2026-09-21 13:00:35.481150') RETURNING "id" /*application='PizzaOrders'*/[0m
  [1m[36mTRANSACTION (0.2ms)[0m  [1m[35mCOMMIT TRANSACTION /*application='PizzaOrders'*/[0m
Using vips to process variants requires the libvips library. Please install libvips using the instructions on the libvips website.
  [1m[36mOrder Count (2.5ms)[0m  [1m[34mSELECT COUNT(*) FROM "orders" /*application='PizzaOrders'*/[0m
  [1m[36mOrder Update All (1.0ms)[0m  [1m[33mUPDATE "orders" SET "state" = 1 /*application='PizzaOrders'*/[0m
Using vips to process variants requires the libvips library. Please install libvips using the instructions on the libvips website.
  [1m[36mActiveRecord::SchemaMigration Load (0.2ms)[0m  [1m[34mSELECT "schema_migrations"."version" FROM "schema_migrations" ORDER BY "schema_migrations"."version" ASC /*application='PizzaOrders'*/[0m
  [1m[36mPizza Load (0.1ms)[0m  [1m[34mSELECT "pizzas".* FROM "pizzas" WHERE "pizzas"."name" = 'Margherita' LIMIT 1 /*application='PizzaOrders'*/[0m
  [1m[36mPizza Load (0.1ms)[0m  [1m[34mSELECT "pizzas".* FROM "pizzas" WHERE "pizzas"."name" = 'Salami' LIMIT 1 /*application='PizzaOrders'*/[0m
  [1m[36mPizza Load (0.1ms)[0m  [1m[34mSELECT "pizzas".* FROM "pizzas" WHERE "pizzas"."name" = 'Tonno' LIMIT 1 /*application='PizzaOrders'*/[0m
  [1m[36mOrder Load (0.1ms)[0m  [1m[34mSELECT "orders".* FROM "orders" WHERE "orders"."source_id" = '316c6832-e038-4599-bc32-2b0bf1b9f1c1' LIMIT 1 /*application='PizzaOrders'*/[0m
  [1m[36mTRANSACTION (0.1ms)[0m  [1m[35mBEGIN immediate TRANSACTION /*application='PizzaOrders'*/[0m
  [1m[36mOrder Update (0.1ms)[0m  [1m[33mUPDATE "orders" SET "state" = 0, "updated_at" = '2026-09-21 13:01:13.669846' WHERE "orders"."id" = 2 /*application='PizzaOrders'*/[0m
  [1m[36mTRANSACTION (1.0ms)[0m  [1m[35mCOMMIT TRANSACTION /*application='PizzaOrders'*/[0m
  [1m[36mPizza Load (0.1ms)[0m  [1m[34mSELECT "pizzas".* FROM "pizzas" WHERE "pizzas"."name" = 'Tonno' LIMIT 1 /*application='PizzaOrders'*/[0m
  [1m[36mTRANSACTION (0.1ms)[0m  [1m[35mBEGIN immediate TRANSACTION /*application='PizzaOrders'*/[0m
  [1m[36mOrderItem Create (1.6ms)[0m  [1m[32mINSERT INTO "order_items" ("order_id", "pizza_id", "size", "extra_ingredients", "omitted_ingredients", "created_at", "updated_at") VALUES (2, 6, 'Large', '[]', '[]', '2026-09-21 13:01:13.692854', '2026-09-21 13:01:13.692854') RETURNING "id" /*application='PizzaOrders'*/[0m
  [1m[36mTRANSACTION (0.2ms)[0m  [1m[35mCOMMIT TRANSACTION /*application='PizzaOrders'*/[0m
  [1m[36mOrder Load (0.1ms)[0m  [1m[34mSELECT "orders".* FROM "orders" WHERE "orders"."source_id" = 'f40d59d0-48bd-409a-ac7b-54a1b47f6680' LIMIT 1 /*application='PizzaOrders'*/[0m
  [1m[36mTRANSACTION (0.0ms)[0m  [1m[35mBEGIN immediate TRANSACTION /*application='PizzaOrders'*/[0m
  [1m[36mOrder Update (1.3ms)[0m  [1m[33mUPDATE "orders" SET "state" = 0, "updated_at" = '2026-09-21 13:01:13.698877' WHERE "orders"."id" = 3 /*application='PizzaOrders'*/[0m
  [1m[36mTRANSACTION (0.1ms)[0m  [1m[35mCOMMIT TRANSACTION /*application='PizzaOrders'*/[0m
  [1m[36mPizza Load (0.1ms)[0m  [1m[34mSELECT "pizzas".* FROM "pizzas" WHERE "pizzas"."name" = 'Margherita' LIMIT 1 /*application='PizzaOrders'*/[0m
  [1m[36mTRANSACTION (0.0ms)[0m  [1m[35mBEGIN immediate TRANSACTION /*application='PizzaOrders'*/[0m
  [1m[36mOrderItem Create (1.6ms)[0m  [1m[32mINSERT INTO "order_items" ("order_id", "pizza_id", "size", "extra_ingredients", "omitted_ingredients", "created_at", "updated_at") VALUES (3, 4, 'Large', '["Onions","Cheese","Olives"]', '[]', '2026-09-21 13:01:13.704504', '2026-09-21 13:01:13.704504') RETURNING "id" /*application='PizzaOrders'*/[0m
  [1m[36mTRANSACTION (0.2ms)[0m  [1m[35mCOMMIT TRANSACTION /*application='PizzaOrders'*/[0m
  [1m[36mPizza Load (0.1ms)[0m  [1m[34mSELECT "pizzas".* FROM "pizzas" WHERE "pizzas"."name" = 'Tonno' LIMIT 1 /*application='PizzaOrders'*/[0m
  [1m[36mTRANSACTION (0.0ms)[0m  [1m[35mBEGIN immediate TRANSACTION /*application='PizzaOrders'*/[0m
  [1m[36mOrderItem Create (1.5ms)[0m  [1m[32mINSERT INTO "order_items" ("order_id", "pizza_id", "size", "extra_ingredients", "omitted_ingredients", "created_at", "updated_at") VALUES (3, 6, 'Medium', '[]', '["Onions","Olives"]', '2026-09-21 13:01:13.722346', '2026-09-21 13:01:13.722346') RETURNING "id" /*application='PizzaOrders'*/[0m
  [1m[36mTRANSACTION (0.2ms)[0m  [1m[35mCOMMIT TRANSACTION /*application='PizzaOrders'*/[0m
  [1m[36mPizza Load (0.1ms)[0m  [1m[34mSELECT "pizzas".* FROM "pizzas" WHERE "pizzas"."name" = 'Margherita' LIMIT 1 /*application='PizzaOrders'*/[0m
  [1m[36mTRANSACTION (0.0ms)[0m  [1m[35mBEGIN immediate TRANSACTION /*application='PizzaOrders'*/[0m
  [1m[36mOrderItem Create (1.4ms)[0m  [1m[32mINSERT INTO "order_items" ("order_id", "pizza_id", "size", "extra_ingredients", "omitted_ingredients", "created_at", "updated_at") VALUES (3, 4, 'Small', '[]', '[]', '2026-09-21 13:01:13.727886', '2026-09-21 13:01:13.727886') RETURNING "id" /*application='PizzaOrders'*/[0m
  [1m[36mTRANSACTION (0.2ms)[0m  [1m[35mCOMMIT TRANSACTION /*application='PizzaOrders'*/[0m
  [1m[36mOrder Load (0.1ms)[0m  [1m[34mSELECT "orders".* FROM "orders" WHERE "orders"."source_id" = '9232679d-e3fd-40bd-81f4-7114ea96e420' LIMIT 1 /*application='PizzaOrders'*/[0m
  [1m[36mTRANSACTION (0.0ms)[0m  [1m[35mBEGIN immediate TRANSACTION /*application='PizzaOrders'*/[0m
  [1m[36mOrder Update (1.3ms)[0m  [1m[33mUPDATE "orders" SET "state" = 0, "updated_at" = '2026-09-21 13:01:13.734005' WHERE "orders"."id" = 4 /*application='PizzaOrders'*/[0m
  [1m[36mTRANSACTION (0.1ms)[0m  [1m[35mCOMMIT TRANSACTION /*application='PizzaOrders'*/[0m
  [1m[36mPizza Load (0.1ms)[0m  [1m[34mSELECT "pizzas".* FROM "pizzas" WHERE "pizzas"."name" = 'Salami' LIMIT 1 /*application='PizzaOrders'*/[0m
  [1m[36mTRANSACTION (0.0ms)[0m  [1m[35mBEGIN immediate TRANSACTION /*application='PizzaOrders'*/[0m
  [1m[36mOrderItem Create (1.6ms)[0m  [1m[32mINSERT INTO "order_items" ("order_id", "pizza_id", "size", "extra_ingredients", "omitted_ingredients", "created_at", "updated_at") VALUES (4, 5, 'Medium', '["Onions"]', '["Cheese"]', '2026-09-21 13:01:13.739960', '2026-09-21 13:01:13.739960') RETURNING "id" /*application='PizzaOrders'*/[0m
  [1m[36mTRANSACTION (0.2ms)[0m  [1m[35mCOMMIT TRANSACTION /*application='PizzaOrders'*/[0m
  [1m[36mPizza Load (0.1ms)[0m  [1m[34mSELECT "pizzas".* FROM "pizzas" WHERE "pizzas"."name" = 'Salami' LIMIT 1 /*application='PizzaOrders'*/[0m
  [1m[36mTRANSACTION (0.0ms)[0m  [1m[35mBEGIN immediate TRANSACTION /*application='PizzaOrders'*/[0m
  [1m[36mOrderItem Create (2.0ms)[0m  [1m[32mINSERT INTO "order_items" ("order_id", "pizza_id", "size", "extra_ingredients", "omitted_ingredients", "created_at", "updated_at") VALUES (4, 5, 'Small', '[]', '[]', '2026-09-21 13:01:13.746201', '2026-09-21 13:01:13.746201') RETURNING "id" /*application='PizzaOrders'*/[0m
  [1m[36mTRANSACTION (0.2ms)[0m  [1m[35mCOMMIT TRANSACTION /*application='PizzaOrders'*/[0m
  [1m[36mPizza Load (0.1ms)[0m  [1m[34mSELECT "pizzas".* FROM "pizzas" WHERE "pizzas"."name" = 'Salami' LIMIT 1 /*application='PizzaOrders'*/[0m
  [1m[36mTRANSACTION (0.0ms)[0m  [1m[35mBEGIN immediate TRANSACTION /*application='PizzaOrders'*/[0m
  [1m[36mOrderItem Create (1.5ms)[0m  [1m[32mINSERT INTO "order_items" ("order_id", "pizza_id", "size", "extra_ingredients", "omitted_ingredients", "created_at", "updated_at") VALUES (4, 5, 'Small', '[]', '[]', '2026-09-21 13:01:13.752199', '2026-09-21 13:01:13.752199') RETURNING "id" /*application='PizzaOrders'*/[0m
  [1m[36mTRANSACTION (0.2ms)[0m  [1m[35mCOMMIT TRANSACTION /*application='PizzaOrders'*/[0m
  [1m[36mPizza Load (0.1ms)[0m  [1m[34mSELECT "pizzas".* FROM "pizzas" WHERE "pizzas"."name" = 'Salami' LIMIT 1 /*application='PizzaOrders'*/[0m
  [1m[36mTRANSACTION (0.0ms)[0m  [1m[35mBEGIN immediate TRANSACTION /*application='PizzaOrders'*/[0m
  [1m[36mOrderItem Create (1.5ms)[0m  [1m[32mINSERT INTO "order_items" ("order_id", "pizza_id", "size", "extra_ingredients", "omitted_ingredients", "created_at", "updated_at") VALUES (4, 5, 'Small', '[]', '[]', '2026-09-21 13:01:13.757760', '2026-09-21 13:01:13.757760') RETURNING "id" /*application='PizzaOrders'*/[0m
  [1m[36mTRANSACTION (0.2ms)[0m  [1m[35mCOMMIT TRANSACTION /*application='PizzaOrders'*/[0m
  [1m[36mPizza Load (0.1ms)[0m  [1m[34mSELECT "pizzas".* FROM "pizzas" WHERE "pizzas"."name" = 'Salami' LIMIT 1 /*application='PizzaOrders'*/[0m
  [1m[36mTRANSACTION (0.0ms)[0m  [1m[35mBEGIN immediate TRANSACTION /*application='PizzaOrders'*/[0m
  [1m[36mOrderItem Create (1.5ms)[0m  [1m[32mINSERT INTO "order_items" ("order_id", "pizza_id", "size", "extra_ingredients", "omitted_ingredients", "created_at", "updated_at") VALUES (4, 5, 'Small', '["Olives"]', '[]', '2026-09-21 13:01:13.774525', '2026-09-21 13:01:13.774525') RETURNING "id" /*application='PizzaOrders'*/[0m
  [1m[36mTRANSACTION (0.2ms)[0m  [1m[35mCOMMIT TRANSACTION /*application='PizzaOrders'*/[0m
Using vips to process variants requires the libvips library. Please install libvips using the instructions on the libvips website.
  [1m[36mOrder Count (0.1ms)[0m  [1m[34mSELECT COUNT(*) FROM "orders" WHERE "orders"."state" = 0 /*application='PizzaOrders'*/[0m
Using vips to process variants requires the libvips library. Please install libvips using the instructions on the libvips website.
Using vips to process variants requires the libvips library. Please install libvips using the instructions on the libvips website.
Started GET "/" for 127.0.0.1 at 2026-09-22 14:56:46 +0200
  [1m[36mActiveRecord::SchemaMigration Load (0.5ms)[0m  [1m[34mSELECT "schema_migrations"."version" FROM "schema_migrations" ORDER BY "schema_migrations"."version" ASC /*application='PizzaOrders'*/[0m
Processing by OrdersController#index as HTML
  Rendering layout layouts/application.html.erb
  Rendering orders/index.html.erb within layouts/application
  [1m[36mOrder Load (0.8ms)[0m  [1m[34mSELECT "orders".* FROM "orders" WHERE "orders"."state" = 0 ORDER BY "orders"."created_at" ASC /*action='index',application='PizzaOrders',controller='orders'*/[0m
  ↳ app/views/orders/index.html.erb:4
  [1m[36mOrderItem Load (0.5ms)[0m  [1m[34mSELECT "order_items".* FROM "order_items" WHERE "order_items"."order_id" IN (2, 3, 4) /*action='index',application='PizzaOrders',controller='orders'*/[0m
  ↳ app/views/orders/index.html.erb:4
  [1m[36mPizza Load (0.1ms)[0m  [1m[34mSELECT "pizzas".* FROM "pizzas" WHERE "pizzas"."id" IN (6, 4, 5) /*action='index',application='PizzaOrders',controller='orders'*/[0m
  ↳ app/views/orders/index.html.erb:4
  Rendered orders/index.html.erb within layouts/application (Duration: 53.5ms | GC: 0.0ms)
  Rendered layout layouts/application.html.erb (Duration: 53.8ms | GC: 0.0ms)
Completed 500 Internal Server Error in 133ms (ActiveRecord: 4.0ms (3 queries, 0 cached) | GC: 0.0ms)


  
ActionView::Template::Error (undefined method `order_path' for an instance of #<Class:0x000000010ba9e6b8>)
Caused by: NoMethodError (undefined method `order_path' for an instance of #<Class:0x000000010ba9e6b8>)

Information for: ActionView::Template::Error (undefined method `order_path' for an instance of #<Class:0x000000010ba9e6b8>):
    11:       <p>Total Price: <%= number_to_currency(order.total_price, unit: "", format: "%n€") %></p>
    12: 
    13:       <%= button_to "Complete", order_path(order), method: :patch %>
    14:     </div>
    15: 
    16:     <div class="order-items">
    17:       <p>Items:</p>
  
app/views/orders/index.html.erb:14
app/views/orders/index.html.erb:4

Information for cause: NoMethodError (undefined method `order_path' for an instance of #<Class:0x000000010ba9e6b8>):
  
app/views/orders/index.html.erb:14
app/views/orders/index.html.erb:4
Started GET "/favicon.ico" for 127.0.0.1 at 2026-09-22 14:56:47 +0200
  
ActionController::RoutingError (No route matches [GET] "/favicon.ico"):
  
Using vips to process variants requires the libvips library. Please install libvips using the instructions on the libvips website.
  [1m[36mActiveRecord::SchemaMigration Load (0.1ms)[0m  [1m[34mSELECT "schema_migrations"."version" FROM "schema_migrations" ORDER BY "schema_migrations"."version" ASC /*application='PizzaOrders'*/[0m
  [1m[36mPizza Load (0.1ms)[0m  [1m[34mSELECT "pizzas".* FROM "pizzas" WHERE "pizzas"."name" = 'Margherita' LIMIT 1 /*application='PizzaOrders'*/[0m
  [1m[36mPizza Load (0.1ms)[0m  [1m[34mSELECT "pizzas".* FROM "pizzas" WHERE "pizzas"."name" = 'Salami' LIMIT 1 /*application='PizzaOrders'*/[0m
  [1m[36mPizza Load (0.1ms)[0m  [1m[34mSELECT "pizzas".* FROM "pizzas" WHERE "pizzas"."name" = 'Tonno' LIMIT 1 /*application='PizzaOrders'*/[0m
  [1m[36mOrder Load (0.5ms)[0m  [1m[34mSELECT "orders".* FROM "orders" WHERE "orders"."source_id" = '316c6832-e038-4599-bc32-2b0bf1b9f1c1' LIMIT 1 /*application='PizzaOrders'*/[0m
  [1m[36mTRANSACTION (0.7ms)[0m  [1m[35mBEGIN immediate TRANSACTION /*application='PizzaOrders'*/[0m
  [1m[36mTRANSACTION (0.0ms)[0m  [1m[35mCOMMIT TRANSACTION /*application='PizzaOrders'*/[0m
  [1m[36mCACHE Pizza Load (0.0ms)[0m  [1m[34mSELECT "pizzas".* FROM "pizzas" WHERE "pizzas"."name" = 'Tonno' LIMIT 1[0m
  [1m[36mTRANSACTION (0.1ms)[0m  [1m[35mBEGIN immediate TRANSACTION /*application='PizzaOrders'*/[0m
  [1m[36mOrderItem Create (1.7ms)[0m  [1m[32mINSERT INTO "order_items" ("order_id", "pizza_id", "size", "extra_ingredients", "omitted_ingredients", "created_at", "updated_at") VALUES (2, 6, 'Large', '[]', '[]', '2026-09-22 12:57:40.411227', '2026-09-22 12:57:40.411227') RETURNING "id" /*application='PizzaOrders'*/[0m
  [1m[36mTRANSACTION (0.6ms)[0m  [1m[35mCOMMIT TRANSACTION /*application='PizzaOrders'*/[0m
  [1m[36mOrder Load (0.1ms)[0m  [1m[34mSELECT "orders".* FROM "orders" WHERE "orders"."source_id" = 'f40d59d0-48bd-409a-ac7b-54a1b47f6680' LIMIT 1 /*application='PizzaOrders'*/[0m
  [1m[36mPizza Load (0.1ms)[0m  [1m[34mSELECT "pizzas".* FROM "pizzas" WHERE "pizzas"."name" = 'Margherita' LIMIT 1 /*application='PizzaOrders'*/[0m
  [1m[36mTRANSACTION (0.0ms)[0m  [1m[35mBEGIN immediate TRANSACTION /*application='PizzaOrders'*/[0m
  [1m[36mOrderItem Create (1.2ms)[0m  [1m[32mINSERT INTO "order_items" ("order_id", "pizza_id", "size", "extra_ingredients", "omitted_ingredients", "created_at", "updated_at") VALUES (3, 4, 'Large', '["Onions","Cheese","Olives"]', '[]', '2026-09-22 12:57:40.419794', '2026-09-22 12:57:40.419794') RETURNING "id" /*application='PizzaOrders'*/[0m
  [1m[36mTRANSACTION (0.1ms)[0m  [1m[35mCOMMIT TRANSACTION /*application='PizzaOrders'*/[0m
  [1m[36mPizza Load (0.1ms)[0m  [1m[34mSELECT "pizzas".* FROM "pizzas" WHERE "pizzas"."name" = 'Tonno' LIMIT 1 /*application='PizzaOrders'*/[0m
  [1m[36mTRANSACTION (0.0ms)[0m  [1m[35mBEGIN immediate TRANSACTION /*application='PizzaOrders'*/[0m
  [1m[36mOrderItem Create (1.3ms)[0m  [1m[32mINSERT INTO "order_items" ("order_id", "pizza_id", "size", "extra_ingredients", "omitted_ingredients", "created_at", "updated_at") VALUES (3, 6, 'Medium', '[]', '["Onions","Olives"]', '2026-09-22 12:57:40.424235', '2026-09-22 12:57:40.424235') RETURNING "id" /*application='PizzaOrders'*/[0m
  [1m[36mTRANSACTION (0.1ms)[0m  [1m[35mCOMMIT TRANSACTION /*application='PizzaOrders'*/[0m
  [1m[36mPizza Load (0.1ms)[0m  [1m[34mSELECT "pizzas".* FROM "pizzas" WHERE "pizzas"."name" = 'Margherita' LIMIT 1 /*application='PizzaOrders'*/[0m
  [1m[36mTRANSACTION (0.0ms)[0m  [1m[35mBEGIN immediate TRANSACTION /*application='PizzaOrders'*/[0m
  [1m[36mOrderItem Create (1.0ms)[0m  [1m[32mINSERT INTO "order_items" ("order_id", "pizza_id", "size", "extra_ingredients", "omitted_ingredients", "created_at", "updated_at") VALUES (3, 4, 'Small', '[]', '[]', '2026-09-22 12:57:40.428371', '2026-09-22 12:57:40.428371') RETURNING "id" /*application='PizzaOrders'*/[0m
  [1m[36mTRANSACTION (0.1ms)[0m  [1m[35mCOMMIT TRANSACTION /*application='PizzaOrders'*/[0m
  [1m[36mOrder Load (0.1ms)[0m  [1m[34mSELECT "orders".* FROM "orders" WHERE "orders"."source_id" = '9232679d-e3fd-40bd-81f4-7114ea96e420' LIMIT 1 /*application='PizzaOrders'*/[0m
  [1m[36mPizza Load (0.1ms)[0m  [1m[34mSELECT "pizzas".* FROM "pizzas" WHERE "pizzas"."name" = 'Salami' LIMIT 1 /*application='PizzaOrders'*/[0m
  [1m[36mTRANSACTION (0.0ms)[0m  [1m[35mBEGIN immediate TRANSACTION /*application='PizzaOrders'*/[0m
  [1m[36mOrderItem Create (1.1ms)[0m  [1m[32mINSERT INTO "order_items" ("order_id", "pizza_id", "size", "extra_ingredients", "omitted_ingredients", "created_at", "updated_at") VALUES (4, 5, 'Medium', '["Onions"]', '["Cheese"]', '2026-09-22 12:57:40.433645', '2026-09-22 12:57:40.433645') RETURNING "id" /*application='PizzaOrders'*/[0m
  [1m[36mTRANSACTION (0.1ms)[0m  [1m[35mCOMMIT TRANSACTION /*application='PizzaOrders'*/[0m
  [1m[36mPizza Load (0.1ms)[0m  [1m[34mSELECT "pizzas".* FROM "pizzas" WHERE "pizzas"."name" = 'Salami' LIMIT 1 /*application='PizzaOrders'*/[0m
  [1m[36mTRANSACTION (0.0ms)[0m  [1m[35mBEGIN immediate TRANSACTION /*application='PizzaOrders'*/[0m
  [1m[36mOrderItem Create (1.1ms)[0m  [1m[32mINSERT INTO "order_items" ("order_id", "pizza_id", "size", "extra_ingredients", "omitted_ingredients", "created_at", "updated_at") VALUES (4, 5, 'Small', '[]', '[]', '2026-09-22 12:57:40.437712', '2026-09-22 12:57:40.437712') RETURNING "id" /*application='PizzaOrders'*/[0m
  [1m[36mTRANSACTION (0.1ms)[0m  [1m[35mCOMMIT TRANSACTION /*application='PizzaOrders'*/[0m
  [1m[36mPizza Load (0.1ms)[0m  [1m[34mSELECT "pizzas".* FROM "pizzas" WHERE "pizzas"."name" = 'Salami' LIMIT 1 /*application='PizzaOrders'*/[0m
  [1m[36mTRANSACTION (0.0ms)[0m  [1m[35mBEGIN immediate TRANSACTION /*application='PizzaOrders'*/[0m
  [1m[36mOrderItem Create (1.1ms)[0m  [1m[32mINSERT INTO "order_items" ("order_id", "pizza_id", "size", "extra_ingredients", "omitted_ingredients", "created_at", "updated_at") VALUES (4, 5, 'Small', '[]', '[]', '2026-09-22 12:57:40.441771', '2026-09-22 12:57:40.441771') RETURNING "id" /*application='PizzaOrders'*/[0m
  [1m[36mTRANSACTION (0.1ms)[0m  [1m[35mCOMMIT TRANSACTION /*application='PizzaOrders'*/[0m
  [1m[36mPizza Load (0.1ms)[0m  [1m[34mSELECT "pizzas".* FROM "pizzas" WHERE "pizzas"."name" = 'Salami' LIMIT 1 /*application='PizzaOrders'*/[0m
  [1m[36mTRANSACTION (0.0ms)[0m  [1m[35mBEGIN immediate TRANSACTION /*application='PizzaOrders'*/[0m
  [1m[36mOrderItem Create (1.1ms)[0m  [1m[32mINSERT INTO "order_items" ("order_id", "pizza_id", "size", "extra_ingredients", "omitted_ingredients", "created_at", "updated_at") VALUES (4, 5, 'Small', '[]', '[]', '2026-09-22 12:57:40.445813', '2026-09-22 12:57:40.445813') RETURNING "id" /*application='PizzaOrders'*/[0m
  [1m[36mTRANSACTION (0.1ms)[0m  [1m[35mCOMMIT TRANSACTION /*application='PizzaOrders'*/[0m
  [1m[36mPizza Load (0.1ms)[0m  [1m[34mSELECT "pizzas".* FROM "pizzas" WHERE "pizzas"."name" = 'Salami' LIMIT 1 /*application='PizzaOrders'*/[0m
  [1m[36mTRANSACTION (0.0ms)[0m  [1m[35mBEGIN immediate TRANSACTION /*application='PizzaOrders'*/[0m
  [1m[36mOrderItem Create (9.3ms)[0m  [1m[32mINSERT INTO "order_items" ("order_id", "pizza_id", "size", "extra_ingredients", "omitted_ingredients", "created_at", "updated_at") VALUES (4, 5, 'Small', '["Olives"]', '[]', '2026-09-22 12:57:40.449756', '2026-09-22 12:57:40.449756') RETURNING "id" /*application='PizzaOrders'*/[0m
  [1m[36mTRANSACTION (0.1ms)[0m  [1m[35mCOMMIT TRANSACTION /*application='PizzaOrders'*/[0m
Started GET "/" for 127.0.0.1 at 2026-09-22 14:57:44 +0200
Processing by OrdersController#index as HTML
  Rendering layout layouts/application.html.erb
  Rendering orders/index.html.erb within layouts/application
  [1m[36mOrder Load (0.3ms)[0m  [1m[34mSELECT "orders".* FROM "orders" WHERE "orders"."state" = 0 ORDER BY "orders"."created_at" ASC /*action='index',application='PizzaOrders',controller='orders'*/[0m
  ↳ app/views/orders/index.html.erb:4
  [1m[36mOrderItem Load (0.3ms)[0m  [1m[34mSELECT "order_items".* FROM "order_items" WHERE "order_items"."order_id" IN (2, 3, 4) /*action='index',application='PizzaOrders',controller='orders'*/[0m
  ↳ app/views/orders/index.html.erb:4
  [1m[36mPizza Load (0.3ms)[0m  [1m[34mSELECT "pizzas".* FROM "pizzas" WHERE "pizzas"."id" IN (6, 4, 5) /*action='index',application='PizzaOrders',controller='orders'*/[0m
  ↳ app/views/orders/index.html.erb:4
  Rendered orders/index.html.erb within layouts/application (Duration: 7.4ms | GC: 0.0ms)
  Rendered layout layouts/application.html.erb (Duration: 9.4ms | GC: 1.6ms)
Completed 500 Internal Server Error in 13ms (ActiveRecord: 0.9ms (3 queries, 0 cached) | GC: 1.6ms)


  
ActionView::Template::Error (undefined method `order_path' for an instance of #<Class:0x000000010ba9e6b8>)
Caused by: NoMethodError (undefined method `order_path' for an instance of #<Class:0x000000010ba9e6b8>)

Information for: ActionView::Template::Error (undefined method `order_path' for an instance of #<Class:0x000000010ba9e6b8>):
    11:       <p>Total Price: <%= number_to_currency(order.total_price, unit: "", format: "%n€") %></p>
    12: 
    13:       <%= button_to "Complete", order_path(order), method: :patch %>
    14:     </div>
    15: 
    16:     <div class="order-items">
    17:       <p>Items:</p>
  
app/views/orders/index.html.erb:14
app/views/orders/index.html.erb:4

Information for cause: NoMethodError (undefined method `order_path' for an instance of #<Class:0x000000010ba9e6b8>):
  
app/views/orders/index.html.erb:14
app/views/orders/index.html.erb:4
Started GET "/" for 127.0.0.1 at 2026-09-22 14:58:42 +0200
Processing by OrdersController#index as HTML
  Rendering layout layouts/application.html.erb
  Rendering orders/index.html.erb within layouts/application
  [1m[36mOrder Load (0.2ms)[0m  [1m[34mSELECT "orders".* FROM "orders" WHERE "orders"."state" = 0 ORDER BY "orders"."created_at" ASC /*action='index',application='PizzaOrders',controller='orders'*/[0m
  ↳ app/views/orders/index.html.erb:4
  [1m[36mOrderItem Load (0.2ms)[0m  [1m[34mSELECT "order_items".* FROM "order_items" WHERE "order_items"."order_id" IN (2, 3, 4) /*action='index',application='PizzaOrders',controller='orders'*/[0m
  ↳ app/views/orders/index.html.erb:4
  [1m[36mPizza Load (0.1ms)[0m  [1m[34mSELECT "pizzas".* FROM "pizzas" WHERE "pizzas"."id" IN (6, 4, 5) /*action='index',application='PizzaOrders',controller='orders'*/[0m
  ↳ app/views/orders/index.html.erb:4
  Rendered orders/index.html.erb within layouts/application (Duration: 22.8ms | GC: 3.3ms)
  Rendered layout layouts/application.html.erb (Duration: 34.6ms | GC: 3.9ms)
Completed 200 OK in 41ms (Views: 34.8ms | ActiveRecord: 2.2ms (3 queries, 0 cached) | GC: 3.9ms)


Started GET "/" for 127.0.0.1 at 2026-09-22 15:00:09 +0200
Processing by OrdersController#index as HTML
  Rendering layout layouts/application.html.erb
  Rendering orders/index.html.erb within layouts/application
  [1m[36mOrder Load (0.2ms)[0m  [1m[34mSELECT "orders".* FROM "orders" WHERE "orders"."state" = 0 ORDER BY "orders"."created_at" ASC /*action='index',application='PizzaOrders',controller='orders'*/[0m
  ↳ app/views/orders/index.html.erb:4
  [1m[36mOrderItem Load (0.2ms)[0m  [1m[34mSELECT "order_items".* FROM "order_items" WHERE "order_items"."order_id" IN (2, 3, 4) /*action='index',application='PizzaOrders',controller='orders'*/[0m
  ↳ app/views/orders/index.html.erb:4
  [1m[36mPizza Load (0.1ms)[0m  [1m[34mSELECT "pizzas".* FROM "pizzas" WHERE "pizzas"."id" IN (6, 4, 5) /*action='index',application='PizzaOrders',controller='orders'*/[0m
  ↳ app/views/orders/index.html.erb:4
  Rendered orders/index.html.erb within layouts/application (Duration: 33.2ms | GC: 4.5ms)
  Rendered layout layouts/application.html.erb (Duration: 34.8ms | GC: 4.5ms)
Completed 200 OK in 37ms (Views: 34.8ms | ActiveRecord: 0.4ms (3 queries, 0 cached) | GC: 4.5ms)


Using vips to process variants requires the libvips library. Please install libvips using the instructions on the libvips website.
  [1m[36mActiveRecord::SchemaMigration Load (0.1ms)[0m  [1m[34mSELECT "schema_migrations"."version" FROM "schema_migrations" ORDER BY "schema_migrations"."version" ASC /*application='PizzaOrders'*/[0m
  [1m[36mActiveRecord::InternalMetadata Load (0.3ms)[0m  [1m[34mSELECT * FROM "ar_internal_metadata" WHERE "ar_internal_metadata"."key" = 'environment' ORDER BY "ar_internal_metadata"."key" ASC LIMIT 1 /*application='PizzaOrders'*/[0m
  [1m[36mActiveRecord::SchemaMigration Load (0.0ms)[0m  [1m[34mSELECT "schema_migrations"."version" FROM "schema_migrations" ORDER BY "schema_migrations"."version" ASC /*application='PizzaOrders'*/[0m
  [1m[36mActiveRecord::InternalMetadata Load (0.1ms)[0m  [1m[34mSELECT * FROM "ar_internal_metadata" WHERE "ar_internal_metadata"."key" = 'environment' ORDER BY "ar_internal_metadata"."key" ASC LIMIT 1 /*application='PizzaOrders'*/[0m
  [1m[36mActiveRecord::SchemaMigration Load (0.0ms)[0m  [1m[34mSELECT "schema_migrations"."version" FROM "schema_migrations" ORDER BY "schema_migrations"."version" ASC /*application='PizzaOrders'*/[0m
  [1m[36mActiveRecord::InternalMetadata Load (0.1ms)[0m  [1m[34mSELECT * FROM "ar_internal_metadata" WHERE "ar_internal_metadata"."key" = 'environment' ORDER BY "ar_internal_metadata"."key" ASC LIMIT 1 /*application='PizzaOrders'*/[0m
  [1m[35m (2.0ms)[0m  [1m[35mDROP TABLE IF EXISTS "order_items" /*application='PizzaOrders'*/[0m
  [1m[35m (1.0ms)[0m  [1m[35mCREATE TABLE "order_items" ("id" integer PRIMARY KEY AUTOINCREMENT NOT NULL, "created_at" datetime(6) NOT NULL, "extra_ingredients" json DEFAULT '[]' NOT NULL, "omitted_ingredients" json DEFAULT '[]' NOT NULL, "order_id" integer NOT NULL, "pizza_id" integer NOT NULL, "size" varchar NOT NULL, "updated_at" datetime(6) NOT NULL) /*application='PizzaOrders'*/[0m
  [1m[35m (0.1ms)[0m  [1m[35mCREATE INDEX "index_order_items_on_order_id" ON "order_items" ("order_id") /*application='PizzaOrders'*/[0m
  [1m[35m (0.1ms)[0m  [1m[35mCREATE INDEX "index_order_items_on_pizza_id" ON "order_items" ("pizza_id") /*application='PizzaOrders'*/[0m
  [1m[35m (0.0ms)[0m  [1m[35mDROP TABLE IF EXISTS "orders" /*application='PizzaOrders'*/[0m
  [1m[35m (0.1ms)[0m  [1m[35mCREATE TABLE "orders" ("id" integer PRIMARY KEY AUTOINCREMENT NOT NULL, "created_at" datetime(6) NOT NULL, "discount_code" varchar, "promotion_codes" json DEFAULT '[]' NOT NULL, "source_id" varchar, "state" integer DEFAULT 0 NOT NULL, "updated_at" datetime(6) NOT NULL) /*application='PizzaOrders'*/[0m
  [1m[35m (0.1ms)[0m  [1m[35mCREATE UNIQUE INDEX "index_orders_on_source_id" ON "orders" ("source_id") /*application='PizzaOrders'*/[0m
  [1m[35m (0.0ms)[0m  [1m[35mDROP TABLE IF EXISTS "pizzas" /*application='PizzaOrders'*/[0m
  [1m[35m (0.1ms)[0m  [1m[35mCREATE TABLE "pizzas" ("id" integer PRIMARY KEY AUTOINCREMENT NOT NULL, "base_price" decimal, "created_at" datetime(6) NOT NULL, "name" varchar, "updated_at" datetime(6) NOT NULL) /*application='PizzaOrders'*/[0m
  [1m[35m (0.0ms)[0m  [1m[35mPRAGMA foreign_keys /*application='PizzaOrders'*/[0m
  [1m[35m (0.1ms)[0m  [1m[35mPRAGMA defer_foreign_keys /*application='PizzaOrders'*/[0m
  [1m[35m (0.0ms)[0m  [1m[35mPRAGMA defer_foreign_keys = ON /*application='PizzaOrders'*/[0m
  [1m[35m (0.0ms)[0m  [1m[35mPRAGMA foreign_keys = OFF /*application='PizzaOrders'*/[0m
  [1m[36mTRANSACTION (0.0ms)[0m  [1m[35mBEGIN immediate TRANSACTION /*application='PizzaOrders'*/[0m
  [1m[35m (0.1ms)[0m  [1m[35mCREATE TEMPORARY TABLE "aorder_items" ("id" integer PRIMARY KEY AUTOINCREMENT NOT NULL, "created_at" datetime(6) NOT NULL, "extra_ingredients" json DEFAULT '[]' NOT NULL, "omitted_ingredients" json DEFAULT '[]' NOT NULL, "order_id" integer NOT NULL, "pizza_id" integer NOT NULL, "size" varchar NOT NULL, "updated_at" datetime(6) NOT NULL) /*application='PizzaOrders'*/[0m
  [1m[35m (0.1ms)[0m  [1m[35mCREATE INDEX "tindex_aorder_items_on_pizza_id" ON "aorder_items" ("pizza_id") /*application='PizzaOrders'*/[0m
  [1m[35m (0.1ms)[0m  [1m[35mCREATE INDEX "tindex_aorder_items_on_order_id" ON "aorder_items" ("order_id") /*application='PizzaOrders'*/[0m
  [1m[35mSQL (0.1ms)[0m  [1m[32mINSERT INTO "aorder_items" ("id","created_at","extra_ingredients","omitted_ingredients","order_id","pizza_id","size","updated_at")
                     SELECT "id","created_at","extra_ingredients","omitted_ingredients","order_id","pizza_id","size","updated_at" FROM "order_items" /*application='PizzaOrders'*/[0m
  [1m[35m (0.6ms)[0m  [1m[35mDROP TABLE "order_items" /*application='PizzaOrders'*/[0m
  [1m[35m (0.1ms)[0m  [1m[35mCREATE TABLE "order_items" ("id" integer PRIMARY KEY AUTOINCREMENT NOT NULL, "created_at" datetime(6) NOT NULL, "extra_ingredients" json DEFAULT '[]' NOT NULL, "omitted_ingredients" json DEFAULT '[]' NOT NULL, "order_id" integer NOT NULL, "pizza_id" integer NOT NULL, "size" varchar NOT NULL, "updated_at" datetime(6) NOT NULL, CONSTRAINT "fk_rails_e3cb28f071"
FOREIGN KEY ("order_id")
  REFERENCES "orders" ("id")
) /*application='PizzaOrders'*/[0m
  [1m[35m (0.1ms)[0m  [1m[35mCREATE INDEX "index_order_items_on_order_id" ON "order_items" ("order_id") /*application='PizzaOrders'*/[0m
  [1m[35m (0.1ms)[0m  [1m[35mCREATE INDEX "index_order_items_on_pizza_id" ON "order_items" ("pizza_id") /*application='PizzaOrders'*/[0m
  [1m[35mSQL (0.1ms)[0m  [1m[32mINSERT INTO "order_items" ("id","created_at","extra_ingredients","omitted_ingredients","order_id","pizza_id","size","updated_at")
                     SELECT "id","created_at","extra_ingredients","omitted_ingredients","order_id","pizza_id","size","updated_at" FROM "aorder_items" /*application='PizzaOrders'*/[0m
  [1m[35m (0.1ms)[0m  [1m[35mDROP TABLE "aorder_items" /*application='PizzaOrders'*/[0m
  [1m[36mTRANSACTION (0.1ms)[0m  [1m[35mCOMMIT TRANSACTION /*application='PizzaOrders'*/[0m
  [1m[35m (0.0ms)[0m  [1m[35mPRAGMA defer_foreign_keys = 0 /*application='PizzaOrders'*/[0m
  [1m[35m (0.0ms)[0m  [1m[35mPRAGMA foreign_keys = 1 /*application='PizzaOrders'*/[0m
  [1m[35m (0.0ms)[0m  [1m[35mPRAGMA foreign_keys /*application='PizzaOrders'*/[0m
  [1m[35m (0.0ms)[0m  [1m[35mPRAGMA defer_foreign_keys /*application='PizzaOrders'*/[0m
  [1m[35m (0.0ms)[0m  [1m[35mPRAGMA defer_foreign_keys = ON /*application='PizzaOrders'*/[0m
  [1m[35m (0.0ms)[0m  [1m[35mPRAGMA foreign_keys = OFF /*application='PizzaOrders'*/[0m
  [1m[36mTRANSACTION (0.0ms)[0m  [1m[35mBEGIN immediate TRANSACTION /*application='PizzaOrders'*/[0m
  [1m[35m (0.1ms)[0m  [1m[35mCREATE TEMPORARY TABLE "aorder_items" ("id" integer PRIMARY KEY AUTOINCREMENT NOT NULL, "created_at" datetime(6) NOT NULL, "extra_ingredients" json DEFAULT '[]' NOT NULL, "omitted_ingredients" json DEFAULT '[]' NOT NULL, "order_id" integer NOT NULL, "pizza_id" integer NOT NULL, "size" varchar NOT NULL, "updated_at" datetime(6) NOT NULL) /*application='PizzaOrders'*/[0m
  [1m[35m (0.1ms)[0m  [1m[35mCREATE INDEX "tindex_aorder_items_on_pizza_id" ON "aorder_items" ("pizza_id") /*application='PizzaOrders'*/[0m
  [1m[35m (0.1ms)[0m  [1m[35mCREATE INDEX "tindex_aorder_items_on_order_id" ON "aorder_items" ("order_id") /*application='PizzaOrders'*/[0m
  [1m[35mSQL (0.0ms)[0m  [1m[32mINSERT INTO "aorder_items" ("id","created_at","extra_ingredients","omitted_ingredients","order_id","pizza_id","size","updated_at")
                     SELECT "id","created_at","extra_ingredients","omitted_ingredients","order_id","pizza_id","size","updated_at" FROM "order_items" /*application='PizzaOrders'*/[0m
  [1m[35m (0.1ms)[0m  [1m[35mDROP TABLE "order_items" /*application='PizzaOrders'*/[0m
  [1m[35m (0.1ms)[0m  [1m[35mCREATE TABLE "order_items" ("id" integer PRIMARY KEY AUTOINCREMENT NOT NULL, "created_at" datetime(6) NOT NULL, "extra_ingredients" json DEFAULT '[]' NOT NULL, "omitted_ingredients" json DEFAULT '[]' NOT NULL, "order_id" integer NOT NULL, "pizza_id" integer NOT NULL, "size" varchar NOT NULL, "updated_at" datetime(6) NOT NULL, CONSTRAINT "fk_rails_e3cb28f071"
FOREIGN KEY ("order_id")
  REFERENCES "orders" ("id")
, CONSTRAINT "fk_rails_d28b17c368"
FOREIGN KEY ("pizza_id")
  REFERENCES "pizzas" ("id")
) /*application='PizzaOrders'*/[0m
  [1m[35m (0.1ms)[0m  [1m[35mCREATE INDEX "index_order_items_on_order_id" ON "order_items" ("order_id") /*application='PizzaOrders'*/[0m
  [1m[35m (0.1ms)[0m  [1m[35mCREATE INDEX "index_order_items_on_pizza_id" ON "order_items" ("pizza_id") /*application='PizzaOrders'*/[0m
  [1m[35mSQL (0.0ms)[0m  [1m[32mINSERT INTO "order_items" ("id","created_at","extra_ingredients","omitted_ingredients","order_id","pizza_id","size","updated_at")
                     SELECT "id","created_at","extra_ingredients","omitted_ingredients","order_id","pizza_id","size","updated_at" FROM "aorder_items" /*application='PizzaOrders'*/[0m
  [1m[35m (0.1ms)[0m  [1m[35mDROP TABLE "aorder_items" /*application='PizzaOrders'*/[0m
  [1m[36mTRANSACTION (0.1ms)[0m  [1m[35mCOMMIT TRANSACTION /*application='PizzaOrders'*/[0m
  [1m[35m (0.0ms)[0m  [1m[35mPRAGMA defer_foreign_keys = 0 /*application='PizzaOrders'*/[0m
  [1m[35m (0.0ms)[0m  [1m[35mPRAGMA foreign_keys = 1 /*application='PizzaOrders'*/[0m
  [1m[35m (0.2ms)[0m  [1m[35mCREATE TABLE "schema_migrations" ("version" varchar NOT NULL PRIMARY KEY) /*application='PizzaOrders'*/[0m
  [1m[36mActiveRecord::SchemaMigration Load (0.0ms)[0m  [1m[34mSELECT "schema_migrations"."version" FROM "schema_migrations" ORDER BY "schema_migrations"."version" ASC /*application='PizzaOrders'*/[0m
  [1m[35m (0.1ms)[0m  [1m[32mINSERT INTO "schema_migrations" (version) VALUES (20260921125106) /*application='PizzaOrders'*/[0m
  [1m[35m (0.5ms)[0m  [1m[32mINSERT INTO "schema_migrations" (version) VALUES
(20260918123304),
(20260918123302),
(20260918122909); /*application='PizzaOrders'*/[0m
  [1m[35m (0.2ms)[0m  [1m[35mCREATE TABLE "ar_internal_metadata" ("key" varchar NOT NULL PRIMARY KEY, "value" varchar, "created_at" datetime(6) NOT NULL, "updated_at" datetime(6) NOT NULL) /*application='PizzaOrders'*/[0m
  [1m[36mActiveRecord::InternalMetadata Load (0.1ms)[0m  [1m[34mSELECT * FROM "ar_internal_metadata" WHERE "ar_internal_metadata"."key" = 'environment' ORDER BY "ar_internal_metadata"."key" ASC LIMIT 1 /*application='PizzaOrders'*/[0m
  [1m[36mActiveRecord::InternalMetadata Create (0.1ms)[0m  [1m[32mINSERT INTO "ar_internal_metadata" ("key", "value", "created_at", "updated_at") VALUES ('environment', 'development', '2026-09-22 13:02:06.136739', '2026-09-22 13:02:06.136741') RETURNING "key" /*application='PizzaOrders'*/[0m
  [1m[36mActiveRecord::InternalMetadata Load (0.1ms)[0m  [1m[34mSELECT * FROM "ar_internal_metadata" WHERE "ar_internal_metadata"."key" = 'environment' ORDER BY "ar_internal_metadata"."key" ASC LIMIT 1 /*application='PizzaOrders'*/[0m
  [1m[36mActiveRecord::InternalMetadata Load (0.1ms)[0m  [1m[34mSELECT * FROM "ar_internal_metadata" WHERE "ar_internal_metadata"."key" = 'schema_sha1' ORDER BY "ar_internal_metadata"."key" ASC LIMIT 1 /*application='PizzaOrders'*/[0m
  [1m[36mActiveRecord::InternalMetadata Create (0.2ms)[0m  [1m[32mINSERT INTO "ar_internal_metadata" ("key", "value", "created_at", "updated_at") VALUES ('schema_sha1', 'fa1777d9de700026a11035182752184db4a47a71', '2026-09-22 13:02:06.140044', '2026-09-22 13:02:06.140046') RETURNING "key" /*application='PizzaOrders'*/[0m
  [1m[35m (0.8ms)[0m  [1m[35mDROP TABLE IF EXISTS "order_items" /*application='PizzaOrders'*/[0m
  [1m[35m (0.5ms)[0m  [1m[35mCREATE TABLE "order_items" ("id" integer PRIMARY KEY AUTOINCREMENT NOT NULL, "created_at" datetime(6) NOT NULL, "extra_ingredients" json DEFAULT '[]' NOT NULL, "omitted_ingredients" json DEFAULT '[]' NOT NULL, "order_id" integer NOT NULL, "pizza_id" integer NOT NULL, "size" varchar NOT NULL, "updated_at" datetime(6) NOT NULL) /*application='PizzaOrders'*/[0m
  [1m[35m (0.1ms)[0m  [1m[35mCREATE INDEX "index_order_items_on_order_id" ON "order_items" ("order_id") /*application='PizzaOrders'*/[0m
  [1m[35m (0.1ms)[0m  [1m[35mCREATE INDEX "index_order_items_on_pizza_id" ON "order_items" ("pizza_id") /*application='PizzaOrders'*/[0m
  [1m[35m (0.0ms)[0m  [1m[35mDROP TABLE IF EXISTS "orders" /*application='PizzaOrders'*/[0m
  [1m[35m (0.1ms)[0m  [1m[35mCREATE TABLE "orders" ("id" integer PRIMARY KEY AUTOINCREMENT NOT NULL, "created_at" datetime(6) NOT NULL, "discount_code" varchar, "promotion_codes" json DEFAULT '[]' NOT NULL, "source_id" varchar, "state" integer DEFAULT 0 NOT NULL, "updated_at" datetime(6) NOT NULL) /*application='PizzaOrders'*/[0m
  [1m[35m (0.1ms)[0m  [1m[35mCREATE UNIQUE INDEX "index_orders_on_source_id" ON "orders" ("source_id") /*application='PizzaOrders'*/[0m
  [1m[35m (0.0ms)[0m  [1m[35mDROP TABLE IF EXISTS "pizzas" /*application='PizzaOrders'*/[0m
  [1m[35m (0.1ms)[0m  [1m[35mCREATE TABLE "pizzas" ("id" integer PRIMARY KEY AUTOINCREMENT NOT NULL, "base_price" decimal, "created_at" datetime(6) NOT NULL, "name" varchar, "updated_at" datetime(6) NOT NULL) /*application='PizzaOrders'*/[0m
  [1m[35m (0.0ms)[0m  [1m[35mPRAGMA foreign_keys /*application='PizzaOrders'*/[0m
  [1m[35m (0.1ms)[0m  [1m[35mPRAGMA defer_foreign_keys /*application='PizzaOrders'*/[0m
  [1m[35m (0.0ms)[0m  [1m[35mPRAGMA defer_foreign_keys = ON /*application='PizzaOrders'*/[0m
  [1m[35m (0.0ms)[0m  [1m[35mPRAGMA foreign_keys = OFF /*application='PizzaOrders'*/[0m
  [1m[36mTRANSACTION (0.0ms)[0m  [1m[35mBEGIN immediate TRANSACTION /*application='PizzaOrders'*/[0m
  [1m[35m (0.1ms)[0m  [1m[35mCREATE TEMPORARY TABLE "aorder_items" ("id" integer PRIMARY KEY AUTOINCREMENT NOT NULL, "created_at" datetime(6) NOT NULL, "extra_ingredients" json DEFAULT '[]' NOT NULL, "omitted_ingredients" json DEFAULT '[]' NOT NULL, "order_id" integer NOT NULL, "pizza_id" integer NOT NULL, "size" varchar NOT NULL, "updated_at" datetime(6) NOT NULL) /*application='PizzaOrders'*/[0m
  [1m[35m (0.1ms)[0m  [1m[35mCREATE INDEX "tindex_aorder_items_on_pizza_id" ON "aorder_items" ("pizza_id") /*application='PizzaOrders'*/[0m
  [1m[35m (0.1ms)[0m  [1m[35mCREATE INDEX "tindex_aorder_items_on_order_id" ON "aorder_items" ("order_id") /*application='PizzaOrders'*/[0m
  [1m[35mSQL (0.1ms)[0m  [1m[32mINSERT INTO "aorder_items" ("id","created_at","extra_ingredients","omitted_ingredients","order_id","pizza_id","size","updated_at")
                     SELECT "id","created_at","extra_ingredients","omitted_ingredients","order_id","pizza_id","size","updated_at" FROM "order_items" /*application='PizzaOrders'*/[0m
  [1m[35m (0.1ms)[0m  [1m[35mDROP TABLE "order_items" /*application='PizzaOrders'*/[0m
  [1m[35m (0.1ms)[0m  [1m[35mCREATE TABLE "order_items" ("id" integer PRIMARY KEY AUTOINCREMENT NOT NULL, "created_at" datetime(6) NOT NULL, "extra_ingredients" json DEFAULT '[]' NOT NULL, "omitted_ingredients" json DEFAULT '[]' NOT NULL, "order_id" integer NOT NULL, "pizza_id" integer NOT NULL, "size" varchar NOT NULL, "updated_at" datetime(6) NOT NULL, CONSTRAINT "fk_rails_e3cb28f071"
FOREIGN KEY ("order_id")
  REFERENCES "orders" ("id")
) /*application='PizzaOrders'*/[0m
  [1m[35m (0.1ms)[0m  [1m[35mCREATE INDEX "index_order_items_on_order_id" ON "order_items" ("order_id") /*application='PizzaOrders'*/[0m
  [1m[35m (0.1ms)[0m  [1m[35mCREATE INDEX "index_order_items_on_pizza_id" ON "order_items" ("pizza_id") /*application='PizzaOrders'*/[0m
  [1m[35mSQL (0.1ms)[0m  [1m[32mINSERT INTO "order_items" ("id","created_at","extra_ingredients","omitted_ingredients","order_id","pizza_id","size","updated_at")
                     SELECT "id","created_at","extra_ingredients","omitted_ingredients","order_id","pizza_id","size","updated_at" FROM "aorder_items" /*application='PizzaOrders'*/[0m
  [1m[35m (0.1ms)[0m  [1m[35mDROP TABLE "aorder_items" /*application='PizzaOrders'*/[0m
  [1m[36mTRANSACTION (0.1ms)[0m  [1m[35mCOMMIT TRANSACTION /*application='PizzaOrders'*/[0m
  [1m[35m (0.0ms)[0m  [1m[35mPRAGMA defer_foreign_keys = 0 /*application='PizzaOrders'*/[0m
  [1m[35m (0.0ms)[0m  [1m[35mPRAGMA foreign_keys = 1 /*application='PizzaOrders'*/[0m
  [1m[35m (0.0ms)[0m  [1m[35mPRAGMA foreign_keys /*application='PizzaOrders'*/[0m
  [1m[35m (0.0ms)[0m  [1m[35mPRAGMA defer_foreign_keys /*application='PizzaOrders'*/[0m
  [1m[35m (0.0ms)[0m  [1m[35mPRAGMA defer_foreign_keys = ON /*application='PizzaOrders'*/[0m
  [1m[35m (0.0ms)[0m  [1m[35mPRAGMA foreign_keys = OFF /*application='PizzaOrders'*/[0m
  [1m[36mTRANSACTION (0.0ms)[0m  [1m[35mBEGIN immediate TRANSACTION /*application='PizzaOrders'*/[0m
  [1m[35m (0.1ms)[0m  [1m[35mCREATE TEMPORARY TABLE "aorder_items" ("id" integer PRIMARY KEY AUTOINCREMENT NOT NULL, "created_at" datetime(6) NOT NULL, "extra_ingredients" json DEFAULT '[]' NOT NULL, "omitted_ingredients" json DEFAULT '[]' NOT NULL, "order_id" integer NOT NULL, "pizza_id" integer NOT NULL, "size" varchar NOT NULL, "updated_at" datetime(6) NOT NULL) /*application='PizzaOrders'*/[0m
  [1m[35m (0.1ms)[0m  [1m[35mCREATE INDEX "tindex_aorder_items_on_pizza_id" ON "aorder_items" ("pizza_id") /*application='PizzaOrders'*/[0m
  [1m[35m (0.1ms)[0m  [1m[35mCREATE INDEX "tindex_aorder_items_on_order_id" ON "aorder_items" ("order_id") /*application='PizzaOrders'*/[0m
  [1m[35mSQL (0.0ms)[0m  [1m[32mINSERT INTO "aorder_items" ("id","created_at","extra_ingredients","omitted_ingredients","order_id","pizza_id","size","updated_at")
                     SELECT "id","created_at","extra_ingredients","omitted_ingredients","order_id","pizza_id","size","updated_at" FROM "order_items" /*application='PizzaOrders'*/[0m
  [1m[35m (0.1ms)[0m  [1m[35mDROP TABLE "order_items" /*application='PizzaOrders'*/[0m
  [1m[35m (0.1ms)[0m  [1m[35mCREATE TABLE "order_items" ("id" integer PRIMARY KEY AUTOINCREMENT NOT NULL, "created_at" datetime(6) NOT NULL, "extra_ingredients" json DEFAULT '[]' NOT NULL, "omitted_ingredients" json DEFAULT '[]' NOT NULL, "order_id" integer NOT NULL, "pizza_id" integer NOT NULL, "size" varchar NOT NULL, "updated_at" datetime(6) NOT NULL, CONSTRAINT "fk_rails_e3cb28f071"
FOREIGN KEY ("order_id")
  REFERENCES "orders" ("id")
, CONSTRAINT "fk_rails_d28b17c368"
FOREIGN KEY ("pizza_id")
  REFERENCES "pizzas" ("id")
) /*application='PizzaOrders'*/[0m
  [1m[35m (0.1ms)[0m  [1m[35mCREATE INDEX "index_order_items_on_order_id" ON "order_items" ("order_id") /*application='PizzaOrders'*/[0m
  [1m[35m (0.1ms)[0m  [1m[35mCREATE INDEX "index_order_items_on_pizza_id" ON "order_items" ("pizza_id") /*application='PizzaOrders'*/[0m
  [1m[35mSQL (0.0ms)[0m  [1m[32mINSERT INTO "order_items" ("id","created_at","extra_ingredients","omitted_ingredients","order_id","pizza_id","size","updated_at")
                     SELECT "id","created_at","extra_ingredients","omitted_ingredients","order_id","pizza_id","size","updated_at" FROM "aorder_items" /*application='PizzaOrders'*/[0m
  [1m[35m (0.1ms)[0m  [1m[35mDROP TABLE "aorder_items" /*application='PizzaOrders'*/[0m
  [1m[36mTRANSACTION (0.1ms)[0m  [1m[35mCOMMIT TRANSACTION /*application='PizzaOrders'*/[0m
  [1m[35m (0.0ms)[0m  [1m[35mPRAGMA defer_foreign_keys = 0 /*application='PizzaOrders'*/[0m
  [1m[35m (0.0ms)[0m  [1m[35mPRAGMA foreign_keys = 1 /*application='PizzaOrders'*/[0m
  [1m[35m (0.2ms)[0m  [1m[35mCREATE TABLE "schema_migrations" ("version" varchar NOT NULL PRIMARY KEY) /*application='PizzaOrders'*/[0m
  [1m[36mActiveRecord::SchemaMigration Load (0.1ms)[0m  [1m[34mSELECT "schema_migrations"."version" FROM "schema_migrations" ORDER BY "schema_migrations"."version" ASC /*application='PizzaOrders'*/[0m
  [1m[35m (0.1ms)[0m  [1m[32mINSERT INTO "schema_migrations" (version) VALUES (20260921125106) /*application='PizzaOrders'*/[0m
  [1m[35m (0.1ms)[0m  [1m[32mINSERT INTO "schema_migrations" (version) VALUES
(20260918123304),
(20260918123302),
(20260918122909); /*application='PizzaOrders'*/[0m
  [1m[35m (0.2ms)[0m  [1m[35mCREATE TABLE "ar_internal_metadata" ("key" varchar NOT NULL PRIMARY KEY, "value" varchar, "created_at" datetime(6) NOT NULL, "updated_at" datetime(6) NOT NULL) /*application='PizzaOrders'*/[0m
  [1m[36mActiveRecord::InternalMetadata Load (0.1ms)[0m  [1m[34mSELECT * FROM "ar_internal_metadata" WHERE "ar_internal_metadata"."key" = 'environment' ORDER BY "ar_internal_metadata"."key" ASC LIMIT 1 /*application='PizzaOrders'*/[0m
  [1m[36mActiveRecord::InternalMetadata Create (0.2ms)[0m  [1m[32mINSERT INTO "ar_internal_metadata" ("key", "value", "created_at", "updated_at") VALUES ('environment', 'development', '2026-09-22 13:02:06.211007', '2026-09-22 13:02:06.211008') RETURNING "key" /*application='PizzaOrders'*/[0m
  [1m[36mActiveRecord::InternalMetadata Load (0.1ms)[0m  [1m[34mSELECT * FROM "ar_internal_metadata" WHERE "ar_internal_metadata"."key" = 'environment' ORDER BY "ar_internal_metadata"."key" ASC LIMIT 1 /*application='PizzaOrders'*/[0m
  [1m[36mActiveRecord::InternalMetadata Update (0.1ms)[0m  [1m[33mUPDATE "ar_internal_metadata" SET "value" = 'test', "updated_at" = '2026-09-22 13:02:06.213450' WHERE "ar_internal_metadata"."key" = 'environment' /*application='PizzaOrders'*/[0m
  [1m[36mActiveRecord::InternalMetadata Load (0.1ms)[0m  [1m[34mSELECT * FROM "ar_internal_metadata" WHERE "ar_internal_metadata"."key" = 'schema_sha1' ORDER BY "ar_internal_metadata"."key" ASC LIMIT 1 /*application='PizzaOrders'*/[0m
  [1m[36mActiveRecord::InternalMetadata Create (0.1ms)[0m  [1m[32mINSERT INTO "ar_internal_metadata" ("key", "value", "created_at", "updated_at") VALUES ('schema_sha1', 'fa1777d9de700026a11035182752184db4a47a71', '2026-09-22 13:02:06.214903', '2026-09-22 13:02:06.214905') RETURNING "key" /*application='PizzaOrders'*/[0m
  [1m[36mActiveRecord::SchemaMigration Load (0.1ms)[0m  [1m[34mSELECT "schema_migrations"."version" FROM "schema_migrations" ORDER BY "schema_migrations"."version" ASC /*application='PizzaOrders'*/[0m
  [1m[36mPizza Load (0.1ms)[0m  [1m[34mSELECT "pizzas".* FROM "pizzas" WHERE "pizzas"."name" = 'Margherita' LIMIT 1 /*application='PizzaOrders'*/[0m
  [1m[36mTRANSACTION (0.0ms)[0m  [1m[35mBEGIN immediate TRANSACTION /*application='PizzaOrders'*/[0m
  [1m[36mPizza Exists? (0.0ms)[0m  [1m[34mSELECT 1 AS one FROM "pizzas" WHERE "pizzas"."name" = 'Margherita' LIMIT 1 /*application='PizzaOrders'*/[0m
  [1m[36mPizza Create (0.1ms)[0m  [1m[32mINSERT INTO "pizzas" ("base_price", "created_at", "name", "updated_at") VALUES (5.0, '2026-09-22 13:02:06.251082', 'Margherita', '2026-09-22 13:02:06.251082') RETURNING "id" /*application='PizzaOrders'*/[0m
  [1m[36mTRANSACTION (0.8ms)[0m  [1m[35mCOMMIT TRANSACTION /*application='PizzaOrders'*/[0m
  [1m[36mPizza Load (0.1ms)[0m  [1m[34mSELECT "pizzas".* FROM "pizzas" WHERE "pizzas"."name" = 'Salami' LIMIT 1 /*application='PizzaOrders'*/[0m
  [1m[36mTRANSACTION (0.0ms)[0m  [1m[35mBEGIN immediate TRANSACTION /*application='PizzaOrders'*/[0m
  [1m[36mPizza Exists? (1.2ms)[0m  [1m[34mSELECT 1 AS one FROM "pizzas" WHERE "pizzas"."name" = 'Salami' LIMIT 1 /*application='PizzaOrders'*/[0m
  [1m[36mPizza Create (0.1ms)[0m  [1m[32mINSERT INTO "pizzas" ("base_price", "created_at", "name", "updated_at") VALUES (6.0, '2026-09-22 13:02:06.257920', 'Salami', '2026-09-22 13:02:06.257920') RETURNING "id" /*application='PizzaOrders'*/[0m
  [1m[36mTRANSACTION (0.1ms)[0m  [1m[35mCOMMIT TRANSACTION /*application='PizzaOrders'*/[0m
  [1m[36mPizza Load (0.1ms)[0m  [1m[34mSELECT "pizzas".* FROM "pizzas" WHERE "pizzas"."name" = 'Tonno' LIMIT 1 /*application='PizzaOrders'*/[0m
  [1m[36mTRANSACTION (0.0ms)[0m  [1m[35mBEGIN immediate TRANSACTION /*application='PizzaOrders'*/[0m
  [1m[36mPizza Exists? (1.2ms)[0m  [1m[34mSELECT 1 AS one FROM "pizzas" WHERE "pizzas"."name" = 'Tonno' LIMIT 1 /*application='PizzaOrders'*/[0m
  [1m[36mPizza Create (0.1ms)[0m  [1m[32mINSERT INTO "pizzas" ("base_price", "created_at", "name", "updated_at") VALUES (8.0, '2026-09-22 13:02:06.263360', 'Tonno', '2026-09-22 13:02:06.263360') RETURNING "id" /*application='PizzaOrders'*/[0m
  [1m[36mTRANSACTION (0.1ms)[0m  [1m[35mCOMMIT TRANSACTION /*application='PizzaOrders'*/[0m
  [1m[36mOrder Load (0.1ms)[0m  [1m[34mSELECT "orders".* FROM "orders" WHERE "orders"."source_id" = '316c6832-e038-4599-bc32-2b0bf1b9f1c1' LIMIT 1 /*application='PizzaOrders'*/[0m
  [1m[36mTRANSACTION (0.0ms)[0m  [1m[35mBEGIN immediate TRANSACTION /*application='PizzaOrders'*/[0m
  [1m[36mOrder Exists? (1.1ms)[0m  [1m[34mSELECT 1 AS one FROM "orders" WHERE "orders"."source_id" = '316c6832-e038-4599-bc32-2b0bf1b9f1c1' LIMIT 1 /*application='PizzaOrders'*/[0m
  [1m[36mOrder Create (0.1ms)[0m  [1m[32mINSERT INTO "orders" ("created_at", "discount_code", "promotion_codes", "source_id", "state", "updated_at") VALUES ('2021-04-14 11:16:00', NULL, '[]', '316c6832-e038-4599-bc32-2b0bf1b9f1c1', 0, '2026-09-22 13:02:06.275589') RETURNING "id" /*application='PizzaOrders'*/[0m
  [1m[36mTRANSACTION (0.1ms)[0m  [1m[35mCOMMIT TRANSACTION /*application='PizzaOrders'*/[0m
  [1m[36mPizza Load (0.1ms)[0m  [1m[34mSELECT "pizzas".* FROM "pizzas" WHERE "pizzas"."name" = 'Tonno' LIMIT 1 /*application='PizzaOrders'*/[0m
  [1m[36mTRANSACTION (0.1ms)[0m  [1m[35mBEGIN immediate TRANSACTION /*application='PizzaOrders'*/[0m
  [1m[36mOrderItem Create (1.2ms)[0m  [1m[32mINSERT INTO "order_items" ("created_at", "extra_ingredients", "omitted_ingredients", "order_id", "pizza_id", "size", "updated_at") VALUES ('2026-09-22 13:02:06.304564', '[]', '[]', 1, 3, 'Large', '2026-09-22 13:02:06.304564') RETURNING "id" /*application='PizzaOrders'*/[0m
  [1m[36mTRANSACTION (0.1ms)[0m  [1m[35mCOMMIT TRANSACTION /*application='PizzaOrders'*/[0m
  [1m[36mOrder Load (0.1ms)[0m  [1m[34mSELECT "orders".* FROM "orders" WHERE "orders"."source_id" = 'f40d59d0-48bd-409a-ac7b-54a1b47f6680' LIMIT 1 /*application='PizzaOrders'*/[0m
  [1m[36mTRANSACTION (0.0ms)[0m  [1m[35mBEGIN immediate TRANSACTION /*application='PizzaOrders'*/[0m
  [1m[36mOrder Exists? (1.1ms)[0m  [1m[34mSELECT 1 AS one FROM "orders" WHERE "orders"."source_id" = 'f40d59d0-48bd-409a-ac7b-54a1b47f6680' LIMIT 1 /*application='PizzaOrders'*/[0m
  [1m[36mOrder Create (0.1ms)[0m  [1m[32mINSERT INTO "orders" ("created_at", "discount_code", "promotion_codes", "source_id", "state", "updated_at") VALUES ('2021-04-14 13:17:25', NULL, '[]', 'f40d59d0-48bd-409a-ac7b-54a1b47f6680', 0, '2026-09-22 13:02:06.311596') RETURNING "id" /*application='PizzaOrders'*/[0m
  [1m[36mTRANSACTION (0.1ms)[0m  [1m[35mCOMMIT TRANSACTION /*application='PizzaOrders'*/[0m
  [1m[36mPizza Load (0.1ms)[0m  [1m[34mSELECT "pizzas".* FROM "pizzas" WHERE "pizzas"."name" = 'Margherita' LIMIT 1 /*application='PizzaOrders'*/[0m
  [1m[36mTRANSACTION (0.0ms)[0m  [1m[35mBEGIN immediate TRANSACTION /*application='PizzaOrders'*/[0m
  [1m[36mOrderItem Create (1.1ms)[0m  [1m[32mINSERT INTO "order_items" ("created_at", "extra_ingredients", "omitted_ingredients", "order_id", "pizza_id", "size", "updated_at") VALUES ('2026-09-22 13:02:06.315122', '["Onions","Cheese","Olives"]', '[]', 2, 1, 'Large', '2026-09-22 13:02:06.315122') RETURNING "id" /*application='PizzaOrders'*/[0m
  [1m[36mTRANSACTION (0.1ms)[0m  [1m[35mCOMMIT TRANSACTION /*application='PizzaOrders'*/[0m
  [1m[36mPizza Load (0.1ms)[0m  [1m[34mSELECT "pizzas".* FROM "pizzas" WHERE "pizzas"."name" = 'Tonno' LIMIT 1 /*application='PizzaOrders'*/[0m
  [1m[36mTRANSACTION (0.0ms)[0m  [1m[35mBEGIN immediate TRANSACTION /*application='PizzaOrders'*/[0m
  [1m[36mOrderItem Create (1.1ms)[0m  [1m[32mINSERT INTO "order_items" ("created_at", "extra_ingredients", "omitted_ingredients", "order_id", "pizza_id", "size", "updated_at") VALUES ('2026-09-22 13:02:06.319456', '[]', '["Onions","Olives"]', 2, 3, 'Medium', '2026-09-22 13:02:06.319456') RETURNING "id" /*application='PizzaOrders'*/[0m
  [1m[36mTRANSACTION (0.1ms)[0m  [1m[35mCOMMIT TRANSACTION /*application='PizzaOrders'*/[0m
  [1m[36mPizza Load (0.1ms)[0m  [1m[34mSELECT "pizzas".* FROM "pizzas" WHERE "pizzas"."name" = 'Margherita' LIMIT 1 /*application='PizzaOrders'*/[0m
  [1m[36mTRANSACTION (0.0ms)[0m  [1m[35mBEGIN immediate TRANSACTION /*application='PizzaOrders'*/[0m
  [1m[36mOrderItem Create (1.2ms)[0m  [1m[32mINSERT INTO "order_items" ("created_at", "extra_ingredients", "omitted_ingredients", "order_id", "pizza_id", "size", "updated_at") VALUES ('2026-09-22 13:02:06.323597', '[]', '[]', 2, 1, 'Small', '2026-09-22 13:02:06.323597') RETURNING "id" /*application='PizzaOrders'*/[0m
  [1m[36mTRANSACTION (0.1ms)[0m  [1m[35mCOMMIT TRANSACTION /*application='PizzaOrders'*/[0m
  [1m[36mOrder Load (0.1ms)[0m  [1m[34mSELECT "orders".* FROM "orders" WHERE "orders"."source_id" = '9232679d-e3fd-40bd-81f4-7114ea96e420' LIMIT 1 /*application='PizzaOrders'*/[0m
  [1m[36mTRANSACTION (0.0ms)[0m  [1m[35mBEGIN immediate TRANSACTION /*application='PizzaOrders'*/[0m
  [1m[36mOrder Exists? (1.1ms)[0m  [1m[34mSELECT 1 AS one FROM "orders" WHERE "orders"."source_id" = '9232679d-e3fd-40bd-81f4-7114ea96e420' LIMIT 1 /*application='PizzaOrders'*/[0m
  [1m[36mOrder Create (0.1ms)[0m  [1m[32mINSERT INTO "orders" ("created_at", "discount_code", "promotion_codes", "source_id", "state", "updated_at") VALUES ('2021-04-14 14:08:47', 'SAVE5', '["2FOR1"]', '9232679d-e3fd-40bd-81f4-7114ea96e420', 0, '2026-09-22 13:02:06.329877') RETURNING "id" /*application='PizzaOrders'*/[0m
  [1m[36mTRANSACTION (0.1ms)[0m  [1m[35mCOMMIT TRANSACTION /*application='PizzaOrders'*/[0m
  [1m[36mPizza Load (0.1ms)[0m  [1m[34mSELECT "pizzas".* FROM "pizzas" WHERE "pizzas"."name" = 'Salami' LIMIT 1 /*application='PizzaOrders'*/[0m
  [1m[36mTRANSACTION (0.0ms)[0m  [1m[35mBEGIN immediate TRANSACTION /*application='PizzaOrders'*/[0m
  [1m[36mOrderItem Create (1.1ms)[0m  [1m[32mINSERT INTO "order_items" ("created_at", "extra_ingredients", "omitted_ingredients", "order_id", "pizza_id", "size", "updated_at") VALUES ('2026-09-22 13:02:06.333197', '["Onions"]', '["Cheese"]', 3, 2, 'Medium', '2026-09-22 13:02:06.333197') RETURNING "id" /*application='PizzaOrders'*/[0m
  [1m[36mTRANSACTION (0.1ms)[0m  [1m[35mCOMMIT TRANSACTION /*application='PizzaOrders'*/[0m
  [1m[36mPizza Load (0.1ms)[0m  [1m[34mSELECT "pizzas".* FROM "pizzas" WHERE "pizzas"."name" = 'Salami' LIMIT 1 /*application='PizzaOrders'*/[0m
  [1m[36mTRANSACTION (0.0ms)[0m  [1m[35mBEGIN immediate TRANSACTION /*application='PizzaOrders'*/[0m
  [1m[36mOrderItem Create (1.1ms)[0m  [1m[32mINSERT INTO "order_items" ("created_at", "extra_ingredients", "omitted_ingredients", "order_id", "pizza_id", "size", "updated_at") VALUES ('2026-09-22 13:02:06.337360', '[]', '[]', 3, 2, 'Small', '2026-09-22 13:02:06.337360') RETURNING "id" /*application='PizzaOrders'*/[0m
  [1m[36mTRANSACTION (0.1ms)[0m  [1m[35mCOMMIT TRANSACTION /*application='PizzaOrders'*/[0m
  [1m[36mPizza Load (0.1ms)[0m  [1m[34mSELECT "pizzas".* FROM "pizzas" WHERE "pizzas"."name" = 'Salami' LIMIT 1 /*application='PizzaOrders'*/[0m
  [1m[36mTRANSACTION (0.0ms)[0m  [1m[35mBEGIN immediate TRANSACTION /*application='PizzaOrders'*/[0m
  [1m[36mOrderItem Create (1.2ms)[0m  [1m[32mINSERT INTO "order_items" ("created_at", "extra_ingredients", "omitted_ingredients", "order_id", "pizza_id", "size", "updated_at") VALUES ('2026-09-22 13:02:06.345246', '[]', '[]', 3, 2, 'Small', '2026-09-22 13:02:06.345246') RETURNING "id" /*application='PizzaOrders'*/[0m
  [1m[36mTRANSACTION (0.1ms)[0m  [1m[35mCOMMIT TRANSACTION /*application='PizzaOrders'*/[0m
  [1m[36mPizza Load (0.1ms)[0m  [1m[34mSELECT "pizzas".* FROM "pizzas" WHERE "pizzas"."name" = 'Salami' LIMIT 1 /*application='PizzaOrders'*/[0m
  [1m[36mTRANSACTION (0.0ms)[0m  [1m[35mBEGIN immediate TRANSACTION /*application='PizzaOrders'*/[0m
  [1m[36mOrderItem Create (1.8ms)[0m  [1m[32mINSERT INTO "order_items" ("created_at", "extra_ingredients", "omitted_ingredients", "order_id", "pizza_id", "size", "updated_at") VALUES ('2026-09-22 13:02:06.349757', '[]', '[]', 3, 2, 'Small', '2026-09-22 13:02:06.349757') RETURNING "id" /*application='PizzaOrders'*/[0m
  [1m[36mTRANSACTION (0.1ms)[0m  [1m[35mCOMMIT TRANSACTION /*application='PizzaOrders'*/[0m
  [1m[36mPizza Load (0.1ms)[0m  [1m[34mSELECT "pizzas".* FROM "pizzas" WHERE "pizzas"."name" = 'Salami' LIMIT 1 /*application='PizzaOrders'*/[0m
  [1m[36mTRANSACTION (0.0ms)[0m  [1m[35mBEGIN immediate TRANSACTION /*application='PizzaOrders'*/[0m
  [1m[36mOrderItem Create (1.1ms)[0m  [1m[32mINSERT INTO "order_items" ("created_at", "extra_ingredients", "omitted_ingredients", "order_id", "pizza_id", "size", "updated_at") VALUES ('2026-09-22 13:02:06.354521', '["Olives"]', '[]', 3, 2, 'Small', '2026-09-22 13:02:06.354521') RETURNING "id" /*application='PizzaOrders'*/[0m
  [1m[36mTRANSACTION (0.1ms)[0m  [1m[35mCOMMIT TRANSACTION /*application='PizzaOrders'*/[0m
Using vips to process variants requires the libvips library. Please install libvips using the instructions on the libvips website.
  [1m[36mActiveRecord::SchemaMigration Load (0.2ms)[0m  [1m[34mSELECT "schema_migrations"."version" FROM "schema_migrations" ORDER BY "schema_migrations"."version" ASC /*application='PizzaOrders'*/[0m
  [1m[36mPizza Load (0.1ms)[0m  [1m[34mSELECT "pizzas".* FROM "pizzas" WHERE "pizzas"."name" = 'Margherita' LIMIT 1 /*application='PizzaOrders'*/[0m
  [1m[36mPizza Load (0.1ms)[0m  [1m[34mSELECT "pizzas".* FROM "pizzas" WHERE "pizzas"."name" = 'Salami' LIMIT 1 /*application='PizzaOrders'*/[0m
  [1m[36mPizza Load (0.1ms)[0m  [1m[34mSELECT "pizzas".* FROM "pizzas" WHERE "pizzas"."name" = 'Tonno' LIMIT 1 /*application='PizzaOrders'*/[0m
  [1m[36mOrder Load (0.1ms)[0m  [1m[34mSELECT "orders".* FROM "orders" WHERE "orders"."source_id" = '316c6832-e038-4599-bc32-2b0bf1b9f1c1' LIMIT 1 /*application='PizzaOrders'*/[0m
  [1m[36mTRANSACTION (0.1ms)[0m  [1m[35mBEGIN immediate TRANSACTION /*application='PizzaOrders'*/[0m
  [1m[36mTRANSACTION (0.0ms)[0m  [1m[35mCOMMIT TRANSACTION /*application='PizzaOrders'*/[0m
  [1m[36mCACHE Pizza Load (0.0ms)[0m  [1m[34mSELECT "pizzas".* FROM "pizzas" WHERE "pizzas"."name" = 'Tonno' LIMIT 1[0m
  [1m[36mTRANSACTION (0.1ms)[0m  [1m[35mBEGIN immediate TRANSACTION /*application='PizzaOrders'*/[0m
  [1m[36mOrderItem Create (1.3ms)[0m  [1m[32mINSERT INTO "order_items" ("created_at", "extra_ingredients", "omitted_ingredients", "order_id", "pizza_id", "size", "updated_at") VALUES ('2026-09-22 13:02:09.982701', '[]', '[]', 1, 3, 'Large', '2026-09-22 13:02:09.982701') RETURNING "id" /*application='PizzaOrders'*/[0m
  [1m[36mTRANSACTION (0.8ms)[0m  [1m[35mCOMMIT TRANSACTION /*application='PizzaOrders'*/[0m
  [1m[36mOrder Load (0.1ms)[0m  [1m[34mSELECT "orders".* FROM "orders" WHERE "orders"."source_id" = 'f40d59d0-48bd-409a-ac7b-54a1b47f6680' LIMIT 1 /*application='PizzaOrders'*/[0m
  [1m[36mPizza Load (0.1ms)[0m  [1m[34mSELECT "pizzas".* FROM "pizzas" WHERE "pizzas"."name" = 'Margherita' LIMIT 1 /*application='PizzaOrders'*/[0m
  [1m[36mTRANSACTION (0.0ms)[0m  [1m[35mBEGIN immediate TRANSACTION /*application='PizzaOrders'*/[0m
  [1m[36mOrderItem Create (1.2ms)[0m  [1m[32mINSERT INTO "order_items" ("created_at", "extra_ingredients", "omitted_ingredients", "order_id", "pizza_id", "size", "updated_at") VALUES ('2026-09-22 13:02:09.990969', '["Onions","Cheese","Olives"]', '[]', 2, 1, 'Large', '2026-09-22 13:02:09.990969') RETURNING "id" /*application='PizzaOrders'*/[0m
  [1m[36mTRANSACTION (0.1ms)[0m  [1m[35mCOMMIT TRANSACTION /*application='PizzaOrders'*/[0m
  [1m[36mPizza Load (0.1ms)[0m  [1m[34mSELECT "pizzas".* FROM "pizzas" WHERE "pizzas"."name" = 'Tonno' LIMIT 1 /*application='PizzaOrders'*/[0m
  [1m[36mTRANSACTION (0.0ms)[0m  [1m[35mBEGIN immediate TRANSACTION /*application='PizzaOrders'*/[0m
  [1m[36mOrderItem Create (1.4ms)[0m  [1m[32mINSERT INTO "order_items" ("created_at", "extra_ingredients", "omitted_ingredients", "order_id", "pizza_id", "size", "updated_at") VALUES ('2026-09-22 13:02:09.995642', '[]', '["Onions","Olives"]', 2, 3, 'Medium', '2026-09-22 13:02:09.995642') RETURNING "id" /*application='PizzaOrders'*/[0m
  [1m[36mTRANSACTION (0.1ms)[0m  [1m[35mCOMMIT TRANSACTION /*application='PizzaOrders'*/[0m
  [1m[36mPizza Load (0.1ms)[0m  [1m[34mSELECT "pizzas".* FROM "pizzas" WHERE "pizzas"."name" = 'Margherita' LIMIT 1 /*application='PizzaOrders'*/[0m
  [1m[36mTRANSACTION (0.0ms)[0m  [1m[35mBEGIN immediate TRANSACTION /*application='PizzaOrders'*/[0m
  [1m[36mOrderItem Create (1.2ms)[0m  [1m[32mINSERT INTO "order_items" ("created_at", "extra_ingredients", "omitted_ingredients", "order_id", "pizza_id", "size", "updated_at") VALUES ('2026-09-22 13:02:10.000277', '[]', '[]', 2, 1, 'Small', '2026-09-22 13:02:10.000277') RETURNING "id" /*application='PizzaOrders'*/[0m
  [1m[36mTRANSACTION (0.1ms)[0m  [1m[35mCOMMIT TRANSACTION /*application='PizzaOrders'*/[0m
  [1m[36mOrder Load (0.1ms)[0m  [1m[34mSELECT "orders".* FROM "orders" WHERE "orders"."source_id" = '9232679d-e3fd-40bd-81f4-7114ea96e420' LIMIT 1 /*application='PizzaOrders'*/[0m
  [1m[36mPizza Load (0.1ms)[0m  [1m[34mSELECT "pizzas".* FROM "pizzas" WHERE "pizzas"."name" = 'Salami' LIMIT 1 /*application='PizzaOrders'*/[0m
  [1m[36mTRANSACTION (0.0ms)[0m  [1m[35mBEGIN immediate TRANSACTION /*application='PizzaOrders'*/[0m
  [1m[36mOrderItem Create (1.2ms)[0m  [1m[32mINSERT INTO "order_items" ("created_at", "extra_ingredients", "omitted_ingredients", "order_id", "pizza_id", "size", "updated_at") VALUES ('2026-09-22 13:02:10.006174', '["Onions"]', '["Cheese"]', 3, 2, 'Medium', '2026-09-22 13:02:10.006174') RETURNING "id" /*application='PizzaOrders'*/[0m
  [1m[36mTRANSACTION (0.1ms)[0m  [1m[35mCOMMIT TRANSACTION /*application='PizzaOrders'*/[0m
  [1m[36mPizza Load (0.1ms)[0m  [1m[34mSELECT "pizzas".* FROM "pizzas" WHERE "pizzas"."name" = 'Salami' LIMIT 1 /*application='PizzaOrders'*/[0m
  [1m[36mTRANSACTION (0.0ms)[0m  [1m[35mBEGIN immediate TRANSACTION /*application='PizzaOrders'*/[0m
  [1m[36mOrderItem Create (1.2ms)[0m  [1m[32mINSERT INTO "order_items" ("created_at", "extra_ingredients", "omitted_ingredients", "order_id", "pizza_id", "size", "updated_at") VALUES ('2026-09-22 13:02:10.010517', '[]', '[]', 3, 2, 'Small', '2026-09-22 13:02:10.010517') RETURNING "id" /*application='PizzaOrders'*/[0m
  [1m[36mTRANSACTION (0.1ms)[0m  [1m[35mCOMMIT TRANSACTION /*application='PizzaOrders'*/[0m
  [1m[36mPizza Load (0.2ms)[0m  [1m[34mSELECT "pizzas".* FROM "pizzas" WHERE "pizzas"."name" = 'Salami' LIMIT 1 /*application='PizzaOrders'*/[0m
  [1m[36mTRANSACTION (0.0ms)[0m  [1m[35mBEGIN immediate TRANSACTION /*application='PizzaOrders'*/[0m
  [1m[36mOrderItem Create (1.2ms)[0m  [1m[32mINSERT INTO "order_items" ("created_at", "extra_ingredients", "omitted_ingredients", "order_id", "pizza_id", "size", "updated_at") VALUES ('2026-09-22 13:02:10.015303', '[]', '[]', 3, 2, 'Small', '2026-09-22 13:02:10.015303') RETURNING "id" /*application='PizzaOrders'*/[0m
  [1m[36mTRANSACTION (0.1ms)[0m  [1m[35mCOMMIT TRANSACTION /*application='PizzaOrders'*/[0m
  [1m[36mPizza Load (0.1ms)[0m  [1m[34mSELECT "pizzas".* FROM "pizzas" WHERE "pizzas"."name" = 'Salami' LIMIT 1 /*application='PizzaOrders'*/[0m
  [1m[36mTRANSACTION (0.0ms)[0m  [1m[35mBEGIN immediate TRANSACTION /*application='PizzaOrders'*/[0m
  [1m[36mOrderItem Create (1.1ms)[0m  [1m[32mINSERT INTO "order_items" ("created_at", "extra_ingredients", "omitted_ingredients", "order_id", "pizza_id", "size", "updated_at") VALUES ('2026-09-22 13:02:10.019813', '[]', '[]', 3, 2, 'Small', '2026-09-22 13:02:10.019813') RETURNING "id" /*application='PizzaOrders'*/[0m
  [1m[36mTRANSACTION (0.1ms)[0m  [1m[35mCOMMIT TRANSACTION /*application='PizzaOrders'*/[0m
  [1m[36mPizza Load (0.1ms)[0m  [1m[34mSELECT "pizzas".* FROM "pizzas" WHERE "pizzas"."name" = 'Salami' LIMIT 1 /*application='PizzaOrders'*/[0m
  [1m[36mTRANSACTION (0.1ms)[0m  [1m[35mBEGIN immediate TRANSACTION /*application='PizzaOrders'*/[0m
  [1m[36mOrderItem Create (12.2ms)[0m  [1m[32mINSERT INTO "order_items" ("created_at", "extra_ingredients", "omitted_ingredients", "order_id", "pizza_id", "size", "updated_at") VALUES ('2026-09-22 13:02:10.025567', '["Olives"]', '[]', 3, 2, 'Small', '2026-09-22 13:02:10.025567') RETURNING "id" /*application='PizzaOrders'*/[0m
  [1m[36mTRANSACTION (0.1ms)[0m  [1m[35mCOMMIT TRANSACTION /*application='PizzaOrders'*/[0m
Started GET "/" for 127.0.0.1 at 2026-09-22 15:02:13 +0200
Processing by OrdersController#index as HTML
  Rendering layout layouts/application.html.erb
  Rendering orders/index.html.erb within layouts/application
  [1m[36mOrder Load (0.2ms)[0m  [1m[34mSELECT "orders".* FROM "orders" WHERE "orders"."state" = 0 ORDER BY "orders"."created_at" ASC /*action='index',application='PizzaOrders',controller='orders'*/[0m
  ↳ app/views/orders/index.html.erb:4
  [1m[36mOrderItem Load (0.2ms)[0m  [1m[34mSELECT "order_items".* FROM "order_items" WHERE "order_items"."order_id" IN (2, 3, 4) /*action='index',application='PizzaOrders',controller='orders'*/[0m
  ↳ app/views/orders/index.html.erb:4
  [1m[36mPizza Load (0.1ms)[0m  [1m[34mSELECT "pizzas".* FROM "pizzas" WHERE "pizzas"."id" IN (6, 4, 5) /*action='index',application='PizzaOrders',controller='orders'*/[0m
  ↳ app/views/orders/index.html.erb:4
  Rendered orders/index.html.erb within layouts/application (Duration: 6.9ms | GC: 0.4ms)
  Rendered layout layouts/application.html.erb (Duration: 7.6ms | GC: 0.4ms)
Completed 200 OK in 10ms (Views: 7.6ms | ActiveRecord: 0.4ms (3 queries, 0 cached) | GC: 0.4ms)


Started GET "/" for 127.0.0.1 at 2026-09-22 15:02:16 +0200
Processing by OrdersController#index as HTML
  Rendering layout layouts/application.html.erb
  Rendering orders/index.html.erb within layouts/application
  [1m[36mOrder Load (0.2ms)[0m  [1m[34mSELECT "orders".* FROM "orders" WHERE "orders"."state" = 0 ORDER BY "orders"."created_at" ASC /*action='index',application='PizzaOrders',controller='orders'*/[0m
  ↳ app/views/orders/index.html.erb:4
  [1m[36mOrderItem Load (0.2ms)[0m  [1m[34mSELECT "order_items".* FROM "order_items" WHERE "order_items"."order_id" IN (2, 3, 4) /*action='index',application='PizzaOrders',controller='orders'*/[0m
  ↳ app/views/orders/index.html.erb:4
  [1m[36mPizza Load (0.1ms)[0m  [1m[34mSELECT "pizzas".* FROM "pizzas" WHERE "pizzas"."id" IN (6, 4, 5) /*action='index',application='PizzaOrders',controller='orders'*/[0m
  ↳ app/views/orders/index.html.erb:4
  Rendered orders/index.html.erb within layouts/application (Duration: 6.5ms | GC: 0.0ms)
  Rendered layout layouts/application.html.erb (Duration: 7.1ms | GC: 0.0ms)
Completed 200 OK in 10ms (Views: 7.2ms | ActiveRecord: 0.5ms (3 queries, 0 cached) | GC: 0.4ms)


Started GET "/" for 127.0.0.1 at 2026-09-22 15:02:17 +0200
Processing by OrdersController#index as HTML
  Rendering layout layouts/application.html.erb
  Rendering orders/index.html.erb within layouts/application
  [1m[36mOrder Load (0.2ms)[0m  [1m[34mSELECT "orders".* FROM "orders" WHERE "orders"."state" = 0 ORDER BY "orders"."created_at" ASC /*action='index',application='PizzaOrders',controller='orders'*/[0m
  ↳ app/views/orders/index.html.erb:4
  [1m[36mOrderItem Load (0.3ms)[0m  [1m[34mSELECT "order_items".* FROM "order_items" WHERE "order_items"."order_id" IN (2, 3, 4) /*action='index',application='PizzaOrders',controller='orders'*/[0m
  ↳ app/views/orders/index.html.erb:4
  [1m[36mPizza Load (0.2ms)[0m  [1m[34mSELECT "pizzas".* FROM "pizzas" WHERE "pizzas"."id" IN (6, 4, 5) /*action='index',application='PizzaOrders',controller='orders'*/[0m
  ↳ app/views/orders/index.html.erb:4
  Rendered orders/index.html.erb within layouts/application (Duration: 7.4ms | GC: 0.3ms)
  Rendered layout layouts/application.html.erb (Duration: 8.0ms | GC: 0.3ms)
Completed 200 OK in 10ms (Views: 7.8ms | ActiveRecord: 0.6ms (3 queries, 0 cached) | GC: 0.3ms)


Started GET "/" for 127.0.0.1 at 2026-09-22 15:02:18 +0200
Processing by OrdersController#index as HTML
  Rendering layout layouts/application.html.erb
  Rendering orders/index.html.erb within layouts/application
  [1m[36mOrder Load (0.1ms)[0m  [1m[34mSELECT "orders".* FROM "orders" WHERE "orders"."state" = 0 ORDER BY "orders"."created_at" ASC /*action='index',application='PizzaOrders',controller='orders'*/[0m
  ↳ app/views/orders/index.html.erb:4
  [1m[36mOrderItem Load (0.2ms)[0m  [1m[34mSELECT "order_items".* FROM "order_items" WHERE "order_items"."order_id" IN (2, 3, 4) /*action='index',application='PizzaOrders',controller='orders'*/[0m
  ↳ app/views/orders/index.html.erb:4
  [1m[36mPizza Load (0.1ms)[0m  [1m[34mSELECT "pizzas".* FROM "pizzas" WHERE "pizzas"."id" IN (6, 4, 5) /*action='index',application='PizzaOrders',controller='orders'*/[0m
  ↳ app/views/orders/index.html.erb:4
  Rendered orders/index.html.erb within layouts/application (Duration: 6.3ms | GC: 0.0ms)
  Rendered layout layouts/application.html.erb (Duration: 7.0ms | GC: 0.0ms)
Completed 200 OK in 9ms (Views: 7.0ms | ActiveRecord: 0.4ms (3 queries, 0 cached) | GC: 0.0ms)


Using vips to process variants requires the libvips library. Please install libvips using the instructions on the libvips website.
  [1m[36mOrder Load (0.2ms)[0m  [1m[34mSELECT "orders".* FROM "orders" WHERE "orders"."source_id" = '316c6832-e038-4599-bc32-2b0bf1b9f1c1' LIMIT 1 /*application='PizzaOrders'*/[0m
  [1m[36mOrderItem Count (1.4ms)[0m  [1m[34mSELECT COUNT(*) FROM "order_items" WHERE "order_items"."order_id" = 1 /*application='PizzaOrders'*/[0m
  [1m[36mOrder Load (0.2ms)[0m  [1m[34mSELECT "orders".* FROM "orders" WHERE "orders"."source_id" = '316c6832-e038-4599-bc32-2b0bf1b9f1c1' LIMIT 1 /*application='PizzaOrders'*/[0m
  [1m[36mOrderItem Count (0.1ms)[0m  [1m[34mSELECT COUNT(*) FROM "order_items" WHERE "order_items"."order_id" = 1 /*application='PizzaOrders'*/[0m
Using vips to process variants requires the libvips library. Please install libvips using the instructions on the libvips website.
  [1m[36mActiveRecord::SchemaMigration Load (0.1ms)[0m  [1m[34mSELECT "schema_migrations"."version" FROM "schema_migrations" ORDER BY "schema_migrations"."version" ASC /*application='PizzaOrders'*/[0m
  [1m[36mActiveRecord::InternalMetadata Load (0.1ms)[0m  [1m[34mSELECT * FROM "ar_internal_metadata" WHERE "ar_internal_metadata"."key" = 'environment' ORDER BY "ar_internal_metadata"."key" ASC LIMIT 1 /*application='PizzaOrders'*/[0m
  [1m[36mActiveRecord::SchemaMigration Load (0.0ms)[0m  [1m[34mSELECT "schema_migrations"."version" FROM "schema_migrations" ORDER BY "schema_migrations"."version" ASC /*application='PizzaOrders'*/[0m
  [1m[36mActiveRecord::InternalMetadata Load (0.1ms)[0m  [1m[34mSELECT * FROM "ar_internal_metadata" WHERE "ar_internal_metadata"."key" = 'environment' ORDER BY "ar_internal_metadata"."key" ASC LIMIT 1 /*application='PizzaOrders'*/[0m
  [1m[36mActiveRecord::SchemaMigration Load (0.0ms)[0m  [1m[34mSELECT "schema_migrations"."version" FROM "schema_migrations" ORDER BY "schema_migrations"."version" ASC /*application='PizzaOrders'*/[0m
  [1m[36mActiveRecord::InternalMetadata Load (0.0ms)[0m  [1m[34mSELECT * FROM "ar_internal_metadata" WHERE "ar_internal_metadata"."key" = 'environment' ORDER BY "ar_internal_metadata"."key" ASC LIMIT 1 /*application='PizzaOrders'*/[0m
  [1m[35m (1.8ms)[0m  [1m[35mDROP TABLE IF EXISTS "order_items" /*application='PizzaOrders'*/[0m
  [1m[35m (0.6ms)[0m  [1m[35mCREATE TABLE "order_items" ("id" integer PRIMARY KEY AUTOINCREMENT NOT NULL, "created_at" datetime(6) NOT NULL, "extra_ingredients" json DEFAULT '[]' NOT NULL, "omitted_ingredients" json DEFAULT '[]' NOT NULL, "order_id" integer NOT NULL, "pizza_id" integer NOT NULL, "size" varchar NOT NULL, "updated_at" datetime(6) NOT NULL) /*application='PizzaOrders'*/[0m
  [1m[35m (0.3ms)[0m  [1m[35mCREATE INDEX "index_order_items_on_order_id" ON "order_items" ("order_id") /*application='PizzaOrders'*/[0m
  [1m[35m (0.1ms)[0m  [1m[35mCREATE INDEX "index_order_items_on_pizza_id" ON "order_items" ("pizza_id") /*application='PizzaOrders'*/[0m
  [1m[35m (0.0ms)[0m  [1m[35mDROP TABLE IF EXISTS "orders" /*application='PizzaOrders'*/[0m
  [1m[35m (0.3ms)[0m  [1m[35mCREATE TABLE "orders" ("id" integer PRIMARY KEY AUTOINCREMENT NOT NULL, "created_at" datetime(6) NOT NULL, "discount_code" varchar, "promotion_codes" json DEFAULT '[]' NOT NULL, "source_id" varchar, "state" integer DEFAULT 0 NOT NULL, "updated_at" datetime(6) NOT NULL) /*application='PizzaOrders'*/[0m
  [1m[35m (0.1ms)[0m  [1m[35mCREATE UNIQUE INDEX "index_orders_on_source_id" ON "orders" ("source_id") /*application='PizzaOrders'*/[0m
  [1m[35m (0.0ms)[0m  [1m[35mDROP TABLE IF EXISTS "pizzas" /*application='PizzaOrders'*/[0m
  [1m[35m (0.1ms)[0m  [1m[35mCREATE TABLE "pizzas" ("id" integer PRIMARY KEY AUTOINCREMENT NOT NULL, "base_price" decimal, "created_at" datetime(6) NOT NULL, "name" varchar, "updated_at" datetime(6) NOT NULL) /*application='PizzaOrders'*/[0m
  [1m[35m (0.0ms)[0m  [1m[35mPRAGMA foreign_keys /*application='PizzaOrders'*/[0m
  [1m[35m (0.0ms)[0m  [1m[35mPRAGMA defer_foreign_keys /*application='PizzaOrders'*/[0m
  [1m[35m (0.0ms)[0m  [1m[35mPRAGMA defer_foreign_keys = ON /*application='PizzaOrders'*/[0m
  [1m[35m (0.0ms)[0m  [1m[35mPRAGMA foreign_keys = OFF /*application='PizzaOrders'*/[0m
  [1m[36mTRANSACTION (0.0ms)[0m  [1m[35mBEGIN immediate TRANSACTION /*application='PizzaOrders'*/[0m
  [1m[35m (0.1ms)[0m  [1m[35mCREATE TEMPORARY TABLE "aorder_items" ("id" integer PRIMARY KEY AUTOINCREMENT NOT NULL, "created_at" datetime(6) NOT NULL, "extra_ingredients" json DEFAULT '[]' NOT NULL, "omitted_ingredients" json DEFAULT '[]' NOT NULL, "order_id" integer NOT NULL, "pizza_id" integer NOT NULL, "size" varchar NOT NULL, "updated_at" datetime(6) NOT NULL) /*application='PizzaOrders'*/[0m
  [1m[35m (0.1ms)[0m  [1m[35mCREATE INDEX "tindex_aorder_items_on_pizza_id" ON "aorder_items" ("pizza_id") /*application='PizzaOrders'*/[0m
  [1m[35m (0.1ms)[0m  [1m[35mCREATE INDEX "tindex_aorder_items_on_order_id" ON "aorder_items" ("order_id") /*application='PizzaOrders'*/[0m
  [1m[35mSQL (0.8ms)[0m  [1m[32mINSERT INTO "aorder_items" ("id","created_at","extra_ingredients","omitted_ingredients","order_id","pizza_id","size","updated_at")
                     SELECT "id","created_at","extra_ingredients","omitted_ingredients","order_id","pizza_id","size","updated_at" FROM "order_items" /*application='PizzaOrders'*/[0m
  [1m[35m (0.2ms)[0m  [1m[35mDROP TABLE "order_items" /*application='PizzaOrders'*/[0m
  [1m[35m (0.1ms)[0m  [1m[35mCREATE TABLE "order_items" ("id" integer PRIMARY KEY AUTOINCREMENT NOT NULL, "created_at" datetime(6) NOT NULL, "extra_ingredients" json DEFAULT '[]' NOT NULL, "omitted_ingredients" json DEFAULT '[]' NOT NULL, "order_id" integer NOT NULL, "pizza_id" integer NOT NULL, "size" varchar NOT NULL, "updated_at" datetime(6) NOT NULL, CONSTRAINT "fk_rails_e3cb28f071"
FOREIGN KEY ("order_id")
  REFERENCES "orders" ("id")
) /*application='PizzaOrders'*/[0m
  [1m[35m (0.1ms)[0m  [1m[35mCREATE INDEX "index_order_items_on_order_id" ON "order_items" ("order_id") /*application='PizzaOrders'*/[0m
  [1m[35m (0.1ms)[0m  [1m[35mCREATE INDEX "index_order_items_on_pizza_id" ON "order_items" ("pizza_id") /*application='PizzaOrders'*/[0m
  [1m[35mSQL (0.0ms)[0m  [1m[32mINSERT INTO "order_items" ("id","created_at","extra_ingredients","omitted_ingredients","order_id","pizza_id","size","updated_at")
                     SELECT "id","created_at","extra_ingredients","omitted_ingredients","order_id","pizza_id","size","updated_at" FROM "aorder_items" /*application='PizzaOrders'*/[0m
  [1m[35m (0.2ms)[0m  [1m[35mDROP TABLE "aorder_items" /*application='PizzaOrders'*/[0m
  [1m[36mTRANSACTION (0.1ms)[0m  [1m[35mCOMMIT TRANSACTION /*application='PizzaOrders'*/[0m
  [1m[35m (0.0ms)[0m  [1m[35mPRAGMA defer_foreign_keys = 0 /*application='PizzaOrders'*/[0m
  [1m[35m (0.0ms)[0m  [1m[35mPRAGMA foreign_keys = 1 /*application='PizzaOrders'*/[0m
  [1m[35m (0.0ms)[0m  [1m[35mPRAGMA foreign_keys /*application='PizzaOrders'*/[0m
  [1m[35m (0.0ms)[0m  [1m[35mPRAGMA defer_foreign_keys /*application='PizzaOrders'*/[0m
  [1m[35m (0.0ms)[0m  [1m[35mPRAGMA defer_foreign_keys = ON /*application='PizzaOrders'*/[0m
  [1m[35m (0.0ms)[0m  [1m[35mPRAGMA foreign_keys = OFF /*application='PizzaOrders'*/[0m
  [1m[36mTRANSACTION (0.0ms)[0m  [1m[35mBEGIN immediate TRANSACTION /*application='PizzaOrders'*/[0m
  [1m[35m (0.1ms)[0m  [1m[35mCREATE TEMPORARY TABLE "aorder_items" ("id" integer PRIMARY KEY AUTOINCREMENT NOT NULL, "created_at" datetime(6) NOT NULL, "extra_ingredients" json DEFAULT '[]' NOT NULL, "omitted_ingredients" json DEFAULT '[]' NOT NULL, "order_id" integer NOT NULL, "pizza_id" integer NOT NULL, "size" varchar NOT NULL, "updated_at" datetime(6) NOT NULL) /*application='PizzaOrders'*/[0m
  [1m[35m (0.1ms)[0m  [1m[35mCREATE INDEX "tindex_aorder_items_on_pizza_id" ON "aorder_items" ("pizza_id") /*application='PizzaOrders'*/[0m
  [1m[35m (0.1ms)[0m  [1m[35mCREATE INDEX "tindex_aorder_items_on_order_id" ON "aorder_items" ("order_id") /*application='PizzaOrders'*/[0m
  [1m[35mSQL (0.0ms)[0m  [1m[32mINSERT INTO "aorder_items" ("id","created_at","extra_ingredients","omitted_ingredients","order_id","pizza_id","size","updated_at")
                     SELECT "id","created_at","extra_ingredients","omitted_ingredients","order_id","pizza_id","size","updated_at" FROM "order_items" /*application='PizzaOrders'*/[0m
  [1m[35m (0.2ms)[0m  [1m[35mDROP TABLE "order_items" /*application='PizzaOrders'*/[0m
  [1m[35m (0.1ms)[0m  [1m[35mCREATE TABLE "order_items" ("id" integer PRIMARY KEY AUTOINCREMENT NOT NULL, "created_at" datetime(6) NOT NULL, "extra_ingredients" json DEFAULT '[]' NOT NULL, "omitted_ingredients" json DEFAULT '[]' NOT NULL, "order_id" integer NOT NULL, "pizza_id" integer NOT NULL, "size" varchar NOT NULL, "updated_at" datetime(6) NOT NULL, CONSTRAINT "fk_rails_e3cb28f071"
FOREIGN KEY ("order_id")
  REFERENCES "orders" ("id")
, CONSTRAINT "fk_rails_d28b17c368"
FOREIGN KEY ("pizza_id")
  REFERENCES "pizzas" ("id")
) /*application='PizzaOrders'*/[0m
  [1m[35m (0.1ms)[0m  [1m[35mCREATE INDEX "index_order_items_on_order_id" ON "order_items" ("order_id") /*application='PizzaOrders'*/[0m
  [1m[35m (0.1ms)[0m  [1m[35mCREATE INDEX "index_order_items_on_pizza_id" ON "order_items" ("pizza_id") /*application='PizzaOrders'*/[0m
  [1m[35mSQL (0.0ms)[0m  [1m[32mINSERT INTO "order_items" ("id","created_at","extra_ingredients","omitted_ingredients","order_id","pizza_id","size","updated_at")
                     SELECT "id","created_at","extra_ingredients","omitted_ingredients","order_id","pizza_id","size","updated_at" FROM "aorder_items" /*application='PizzaOrders'*/[0m
  [1m[35m (0.1ms)[0m  [1m[35mDROP TABLE "aorder_items" /*application='PizzaOrders'*/[0m
  [1m[36mTRANSACTION (0.1ms)[0m  [1m[35mCOMMIT TRANSACTION /*application='PizzaOrders'*/[0m
  [1m[35m (0.0ms)[0m  [1m[35mPRAGMA defer_foreign_keys = 0 /*application='PizzaOrders'*/[0m
  [1m[35m (0.0ms)[0m  [1m[35mPRAGMA foreign_keys = 1 /*application='PizzaOrders'*/[0m
  [1m[35m (0.2ms)[0m  [1m[35mCREATE TABLE "schema_migrations" ("version" varchar NOT NULL PRIMARY KEY) /*application='PizzaOrders'*/[0m
  [1m[36mActiveRecord::SchemaMigration Load (0.0ms)[0m  [1m[34mSELECT "schema_migrations"."version" FROM "schema_migrations" ORDER BY "schema_migrations"."version" ASC /*application='PizzaOrders'*/[0m
  [1m[35m (0.1ms)[0m  [1m[32mINSERT INTO "schema_migrations" (version) VALUES (20260921125106) /*application='PizzaOrders'*/[0m
  [1m[35m (0.1ms)[0m  [1m[32mINSERT INTO "schema_migrations" (version) VALUES
(20260918123304),
(20260918123302),
(20260918122909); /*application='PizzaOrders'*/[0m
  [1m[35m (0.2ms)[0m  [1m[35mCREATE TABLE "ar_internal_metadata" ("key" varchar NOT NULL PRIMARY KEY, "value" varchar, "created_at" datetime(6) NOT NULL, "updated_at" datetime(6) NOT NULL) /*application='PizzaOrders'*/[0m
  [1m[36mActiveRecord::InternalMetadata Load (0.1ms)[0m  [1m[34mSELECT * FROM "ar_internal_metadata" WHERE "ar_internal_metadata"."key" = 'environment' ORDER BY "ar_internal_metadata"."key" ASC LIMIT 1 /*application='PizzaOrders'*/[0m
  [1m[36mActiveRecord::InternalMetadata Create (0.1ms)[0m  [1m[32mINSERT INTO "ar_internal_metadata" ("key", "value", "created_at", "updated_at") VALUES ('environment', 'development', '2026-09-22 13:02:51.886929', '2026-09-22 13:02:51.886931') RETURNING "key" /*application='PizzaOrders'*/[0m
  [1m[36mActiveRecord::InternalMetadata Load (0.1ms)[0m  [1m[34mSELECT * FROM "ar_internal_metadata" WHERE "ar_internal_metadata"."key" = 'environment' ORDER BY "ar_internal_metadata"."key" ASC LIMIT 1 /*application='PizzaOrders'*/[0m
  [1m[36mActiveRecord::InternalMetadata Load (0.1ms)[0m  [1m[34mSELECT * FROM "ar_internal_metadata" WHERE "ar_internal_metadata"."key" = 'schema_sha1' ORDER BY "ar_internal_metadata"."key" ASC LIMIT 1 /*application='PizzaOrders'*/[0m
  [1m[36mActiveRecord::InternalMetadata Create (0.1ms)[0m  [1m[32mINSERT INTO "ar_internal_metadata" ("key", "value", "created_at", "updated_at") VALUES ('schema_sha1', 'fa1777d9de700026a11035182752184db4a47a71', '2026-09-22 13:02:51.889239', '2026-09-22 13:02:51.889240') RETURNING "key" /*application='PizzaOrders'*/[0m
  [1m[35m (0.8ms)[0m  [1m[35mDROP TABLE IF EXISTS "order_items" /*application='PizzaOrders'*/[0m
  [1m[35m (0.5ms)[0m  [1m[35mCREATE TABLE "order_items" ("id" integer PRIMARY KEY AUTOINCREMENT NOT NULL, "created_at" datetime(6) NOT NULL, "extra_ingredients" json DEFAULT '[]' NOT NULL, "omitted_ingredients" json DEFAULT '[]' NOT NULL, "order_id" integer NOT NULL, "pizza_id" integer NOT NULL, "size" varchar NOT NULL, "updated_at" datetime(6) NOT NULL) /*application='PizzaOrders'*/[0m
  [1m[35m (0.1ms)[0m  [1m[35mCREATE INDEX "index_order_items_on_order_id" ON "order_items" ("order_id") /*application='PizzaOrders'*/[0m
  [1m[35m (0.1ms)[0m  [1m[35mCREATE INDEX "index_order_items_on_pizza_id" ON "order_items" ("pizza_id") /*application='PizzaOrders'*/[0m
  [1m[35m (0.0ms)[0m  [1m[35mDROP TABLE IF EXISTS "orders" /*application='PizzaOrders'*/[0m
  [1m[35m (0.1ms)[0m  [1m[35mCREATE TABLE "orders" ("id" integer PRIMARY KEY AUTOINCREMENT NOT NULL, "created_at" datetime(6) NOT NULL, "discount_code" varchar, "promotion_codes" json DEFAULT '[]' NOT NULL, "source_id" varchar, "state" integer DEFAULT 0 NOT NULL, "updated_at" datetime(6) NOT NULL) /*application='PizzaOrders'*/[0m
  [1m[35m (0.1ms)[0m  [1m[35mCREATE UNIQUE INDEX "index_orders_on_source_id" ON "orders" ("source_id") /*application='PizzaOrders'*/[0m
  [1m[35m (0.0ms)[0m  [1m[35mDROP TABLE IF EXISTS "pizzas" /*application='PizzaOrders'*/[0m
  [1m[35m (0.1ms)[0m  [1m[35mCREATE TABLE "pizzas" ("id" integer PRIMARY KEY AUTOINCREMENT NOT NULL, "base_price" decimal, "created_at" datetime(6) NOT NULL, "name" varchar, "updated_at" datetime(6) NOT NULL) /*application='PizzaOrders'*/[0m
  [1m[35m (0.0ms)[0m  [1m[35mPRAGMA foreign_keys /*application='PizzaOrders'*/[0m
  [1m[35m (0.0ms)[0m  [1m[35mPRAGMA defer_foreign_keys /*application='PizzaOrders'*/[0m
  [1m[35m (0.0ms)[0m  [1m[35mPRAGMA defer_foreign_keys = ON /*application='PizzaOrders'*/[0m
  [1m[35m (0.0ms)[0m  [1m[35mPRAGMA foreign_keys = OFF /*application='PizzaOrders'*/[0m
  [1m[36mTRANSACTION (0.0ms)[0m  [1m[35mBEGIN immediate TRANSACTION /*application='PizzaOrders'*/[0m
  [1m[35m (0.1ms)[0m  [1m[35mCREATE TEMPORARY TABLE "aorder_items" ("id" integer PRIMARY KEY AUTOINCREMENT NOT NULL, "created_at" datetime(6) NOT NULL, "extra_ingredients" json DEFAULT '[]' NOT NULL, "omitted_ingredients" json DEFAULT '[]' NOT NULL, "order_id" integer NOT NULL, "pizza_id" integer NOT NULL, "size" varchar NOT NULL, "updated_at" datetime(6) NOT NULL) /*application='PizzaOrders'*/[0m
  [1m[35m (0.1ms)[0m  [1m[35mCREATE INDEX "tindex_aorder_items_on_pizza_id" ON "aorder_items" ("pizza_id") /*application='PizzaOrders'*/[0m
  [1m[35m (0.1ms)[0m  [1m[35mCREATE INDEX "tindex_aorder_items_on_order_id" ON "aorder_items" ("order_id") /*application='PizzaOrders'*/[0m
  [1m[35mSQL (0.0ms)[0m  [1m[32mINSERT INTO "aorder_items" ("id","created_at","extra_ingredients","omitted_ingredients","order_id","pizza_id","size","updated_at")
                     SELECT "id","created_at","extra_ingredients","omitted_ingredients","order_id","pizza_id","size","updated_at" FROM "order_items" /*application='PizzaOrders'*/[0m
  [1m[35m (0.2ms)[0m  [1m[35mDROP TABLE "order_items" /*application='PizzaOrders'*/[0m
  [1m[35m (0.1ms)[0m  [1m[35mCREATE TABLE "order_items" ("id" integer PRIMARY KEY AUTOINCREMENT NOT NULL, "created_at" datetime(6) NOT NULL, "extra_ingredients" json DEFAULT '[]' NOT NULL, "omitted_ingredients" json DEFAULT '[]' NOT NULL, "order_id" integer NOT NULL, "pizza_id" integer NOT NULL, "size" varchar NOT NULL, "updated_at" datetime(6) NOT NULL, CONSTRAINT "fk_rails_e3cb28f071"
FOREIGN KEY ("order_id")
  REFERENCES "orders" ("id")
) /*application='PizzaOrders'*/[0m
  [1m[35m (0.1ms)[0m  [1m[35mCREATE INDEX "index_order_items_on_order_id" ON "order_items" ("order_id") /*application='PizzaOrders'*/[0m
  [1m[35m (0.1ms)[0m  [1m[35mCREATE INDEX "index_order_items_on_pizza_id" ON "order_items" ("pizza_id") /*application='PizzaOrders'*/[0m
  [1m[35mSQL (0.1ms)[0m  [1m[32mINSERT INTO "order_items" ("id","created_at","extra_ingredients","omitted_ingredients","order_id","pizza_id","size","updated_at")
                     SELECT "id","created_at","extra_ingredients","omitted_ingredients","order_id","pizza_id","size","updated_at" FROM "aorder_items" /*application='PizzaOrders'*/[0m
  [1m[35m (0.1ms)[0m  [1m[35mDROP TABLE "aorder_items" /*application='PizzaOrders'*/[0m
  [1m[36mTRANSACTION (0.1ms)[0m  [1m[35mCOMMIT TRANSACTION /*application='PizzaOrders'*/[0m
  [1m[35m (0.0ms)[0m  [1m[35mPRAGMA defer_foreign_keys = 0 /*application='PizzaOrders'*/[0m
  [1m[35m (0.0ms)[0m  [1m[35mPRAGMA foreign_keys = 1 /*application='PizzaOrders'*/[0m
  [1m[35m (0.0ms)[0m  [1m[35mPRAGMA foreign_keys /*application='PizzaOrders'*/[0m
  [1m[35m (0.0ms)[0m  [1m[35mPRAGMA defer_foreign_keys /*application='PizzaOrders'*/[0m
  [1m[35m (0.0ms)[0m  [1m[35mPRAGMA defer_foreign_keys = ON /*application='PizzaOrders'*/[0m
  [1m[35m (0.0ms)[0m  [1m[35mPRAGMA foreign_keys = OFF /*application='PizzaOrders'*/[0m
  [1m[36mTRANSACTION (0.0ms)[0m  [1m[35mBEGIN immediate TRANSACTION /*application='PizzaOrders'*/[0m
  [1m[35m (0.1ms)[0m  [1m[35mCREATE TEMPORARY TABLE "aorder_items" ("id" integer PRIMARY KEY AUTOINCREMENT NOT NULL, "created_at" datetime(6) NOT NULL, "extra_ingredients" json DEFAULT '[]' NOT NULL, "omitted_ingredients" json DEFAULT '[]' NOT NULL, "order_id" integer NOT NULL, "pizza_id" integer NOT NULL, "size" varchar NOT NULL, "updated_at" datetime(6) NOT NULL) /*application='PizzaOrders'*/[0m
  [1m[35m (0.1ms)[0m  [1m[35mCREATE INDEX "tindex_aorder_items_on_pizza_id" ON "aorder_items" ("pizza_id") /*application='PizzaOrders'*/[0m
  [1m[35m (0.1ms)[0m  [1m[35mCREATE INDEX "tindex_aorder_items_on_order_id" ON "aorder_items" ("order_id") /*application='PizzaOrders'*/[0m
  [1m[35mSQL (0.0ms)[0m  [1m[32mINSERT INTO "aorder_items" ("id","created_at","extra_ingredients","omitted_ingredients","order_id","pizza_id","size","updated_at")
                     SELECT "id","created_at","extra_ingredients","omitted_ingredients","order_id","pizza_id","size","updated_at" FROM "order_items" /*application='PizzaOrders'*/[0m
  [1m[35m (0.1ms)[0m  [1m[35mDROP TABLE "order_items" /*application='PizzaOrders'*/[0m
  [1m[35m (0.1ms)[0m  [1m[35mCREATE TABLE "order_items" ("id" integer PRIMARY KEY AUTOINCREMENT NOT NULL, "created_at" datetime(6) NOT NULL, "extra_ingredients" json DEFAULT '[]' NOT NULL, "omitted_ingredients" json DEFAULT '[]' NOT NULL, "order_id" integer NOT NULL, "pizza_id" integer NOT NULL, "size" varchar NOT NULL, "updated_at" datetime(6) NOT NULL, CONSTRAINT "fk_rails_e3cb28f071"
FOREIGN KEY ("order_id")
  REFERENCES "orders" ("id")
, CONSTRAINT "fk_rails_d28b17c368"
FOREIGN KEY ("pizza_id")
  REFERENCES "pizzas" ("id")
) /*application='PizzaOrders'*/[0m
  [1m[35m (0.1ms)[0m  [1m[35mCREATE INDEX "index_order_items_on_order_id" ON "order_items" ("order_id") /*application='PizzaOrders'*/[0m
  [1m[35m (0.1ms)[0m  [1m[35mCREATE INDEX "index_order_items_on_pizza_id" ON "order_items" ("pizza_id") /*application='PizzaOrders'*/[0m
  [1m[35mSQL (0.0ms)[0m  [1m[32mINSERT INTO "order_items" ("id","created_at","extra_ingredients","omitted_ingredients","order_id","pizza_id","size","updated_at")
                     SELECT "id","created_at","extra_ingredients","omitted_ingredients","order_id","pizza_id","size","updated_at" FROM "aorder_items" /*application='PizzaOrders'*/[0m
  [1m[35m (0.1ms)[0m  [1m[35mDROP TABLE "aorder_items" /*application='PizzaOrders'*/[0m
  [1m[36mTRANSACTION (0.1ms)[0m  [1m[35mCOMMIT TRANSACTION /*application='PizzaOrders'*/[0m
  [1m[35m (0.0ms)[0m  [1m[35mPRAGMA defer_foreign_keys = 0 /*application='PizzaOrders'*/[0m
  [1m[35m (0.0ms)[0m  [1m[35mPRAGMA foreign_keys = 1 /*application='PizzaOrders'*/[0m
  [1m[35m (0.1ms)[0m  [1m[35mCREATE TABLE "schema_migrations" ("version" varchar NOT NULL PRIMARY KEY) /*application='PizzaOrders'*/[0m
  [1m[36mActiveRecord::SchemaMigration Load (0.0ms)[0m  [1m[34mSELECT "schema_migrations"."version" FROM "schema_migrations" ORDER BY "schema_migrations"."version" ASC /*application='PizzaOrders'*/[0m
  [1m[35m (0.1ms)[0m  [1m[32mINSERT INTO "schema_migrations" (version) VALUES (20260921125106) /*application='PizzaOrders'*/[0m
  [1m[35m (0.1ms)[0m  [1m[32mINSERT INTO "schema_migrations" (version) VALUES
(20260918123304),
(20260918123302),
(20260918122909); /*application='PizzaOrders'*/[0m
  [1m[35m (0.1ms)[0m  [1m[35mCREATE TABLE "ar_internal_metadata" ("key" varchar NOT NULL PRIMARY KEY, "value" varchar, "created_at" datetime(6) NOT NULL, "updated_at" datetime(6) NOT NULL) /*application='PizzaOrders'*/[0m
  [1m[36mActiveRecord::InternalMetadata Load (0.1ms)[0m  [1m[34mSELECT * FROM "ar_internal_metadata" WHERE "ar_internal_metadata"."key" = 'environment' ORDER BY "ar_internal_metadata"."key" ASC LIMIT 1 /*application='PizzaOrders'*/[0m
  [1m[36mActiveRecord::InternalMetadata Create (0.2ms)[0m  [1m[32mINSERT INTO "ar_internal_metadata" ("key", "value", "created_at", "updated_at") VALUES ('environment', 'development', '2026-09-22 13:02:51.953098', '2026-09-22 13:02:51.953100') RETURNING "key" /*application='PizzaOrders'*/[0m
  [1m[36mActiveRecord::InternalMetadata Load (0.0ms)[0m  [1m[34mSELECT * FROM "ar_internal_metadata" WHERE "ar_internal_metadata"."key" = 'environment' ORDER BY "ar_internal_metadata"."key" ASC LIMIT 1 /*application='PizzaOrders'*/[0m
  [1m[36mActiveRecord::InternalMetadata Update (0.1ms)[0m  [1m[33mUPDATE "ar_internal_metadata" SET "value" = 'test', "updated_at" = '2026-09-22 13:02:51.954625' WHERE "ar_internal_metadata"."key" = 'environment' /*application='PizzaOrders'*/[0m
  [1m[36mActiveRecord::InternalMetadata Load (0.1ms)[0m  [1m[34mSELECT * FROM "ar_internal_metadata" WHERE "ar_internal_metadata"."key" = 'schema_sha1' ORDER BY "ar_internal_metadata"."key" ASC LIMIT 1 /*application='PizzaOrders'*/[0m
  [1m[36mActiveRecord::InternalMetadata Create (0.1ms)[0m  [1m[32mINSERT INTO "ar_internal_metadata" ("key", "value", "created_at", "updated_at") VALUES ('schema_sha1', 'fa1777d9de700026a11035182752184db4a47a71', '2026-09-22 13:02:51.956476', '2026-09-22 13:02:51.956478') RETURNING "key" /*application='PizzaOrders'*/[0m
  [1m[36mActiveRecord::SchemaMigration Load (0.1ms)[0m  [1m[34mSELECT "schema_migrations"."version" FROM "schema_migrations" ORDER BY "schema_migrations"."version" ASC /*application='PizzaOrders'*/[0m
  [1m[36mPizza Load (0.1ms)[0m  [1m[34mSELECT "pizzas".* FROM "pizzas" WHERE "pizzas"."name" = 'Margherita' LIMIT 1 /*application='PizzaOrders'*/[0m
  [1m[36mTRANSACTION (0.0ms)[0m  [1m[35mBEGIN immediate TRANSACTION /*application='PizzaOrders'*/[0m
  [1m[36mPizza Exists? (0.0ms)[0m  [1m[34mSELECT 1 AS one FROM "pizzas" WHERE "pizzas"."name" = 'Margherita' LIMIT 1 /*application='PizzaOrders'*/[0m
  [1m[36mPizza Create (0.1ms)[0m  [1m[32mINSERT INTO "pizzas" ("base_price", "created_at", "name", "updated_at") VALUES (5.0, '2026-09-22 13:02:51.977984', 'Margherita', '2026-09-22 13:02:51.977984') RETURNING "id" /*application='PizzaOrders'*/[0m
  [1m[36mTRANSACTION (0.3ms)[0m  [1m[35mCOMMIT TRANSACTION /*application='PizzaOrders'*/[0m
  [1m[36mPizza Load (0.1ms)[0m  [1m[34mSELECT "pizzas".* FROM "pizzas" WHERE "pizzas"."name" = 'Salami' LIMIT 1 /*application='PizzaOrders'*/[0m
  [1m[36mTRANSACTION (0.0ms)[0m  [1m[35mBEGIN immediate TRANSACTION /*application='PizzaOrders'*/[0m
  [1m[36mPizza Exists? (1.0ms)[0m  [1m[34mSELECT 1 AS one FROM "pizzas" WHERE "pizzas"."name" = 'Salami' LIMIT 1 /*application='PizzaOrders'*/[0m
  [1m[36mPizza Create (0.1ms)[0m  [1m[32mINSERT INTO "pizzas" ("base_price", "created_at", "name", "updated_at") VALUES (6.0, '2026-09-22 13:02:51.983344', 'Salami', '2026-09-22 13:02:51.983344') RETURNING "id" /*application='PizzaOrders'*/[0m
  [1m[36mTRANSACTION (0.1ms)[0m  [1m[35mCOMMIT TRANSACTION /*application='PizzaOrders'*/[0m
  [1m[36mPizza Load (0.1ms)[0m  [1m[34mSELECT "pizzas".* FROM "pizzas" WHERE "pizzas"."name" = 'Tonno' LIMIT 1 /*application='PizzaOrders'*/[0m
  [1m[36mTRANSACTION (0.0ms)[0m  [1m[35mBEGIN immediate TRANSACTION /*application='PizzaOrders'*/[0m
  [1m[36mPizza Exists? (1.0ms)[0m  [1m[34mSELECT 1 AS one FROM "pizzas" WHERE "pizzas"."name" = 'Tonno' LIMIT 1 /*application='PizzaOrders'*/[0m
  [1m[36mPizza Create (0.1ms)[0m  [1m[32mINSERT INTO "pizzas" ("base_price", "created_at", "name", "updated_at") VALUES (8.0, '2026-09-22 13:02:51.987951', 'Tonno', '2026-09-22 13:02:51.987951') RETURNING "id" /*application='PizzaOrders'*/[0m
  [1m[36mTRANSACTION (0.1ms)[0m  [1m[35mCOMMIT TRANSACTION /*application='PizzaOrders'*/[0m
  [1m[36mOrder Load (0.1ms)[0m  [1m[34mSELECT "orders".* FROM "orders" WHERE "orders"."source_id" = '316c6832-e038-4599-bc32-2b0bf1b9f1c1' LIMIT 1 /*application='PizzaOrders'*/[0m
  [1m[36mTRANSACTION (0.0ms)[0m  [1m[35mBEGIN immediate TRANSACTION /*application='PizzaOrders'*/[0m
  [1m[36mOrder Exists? (0.9ms)[0m  [1m[34mSELECT 1 AS one FROM "orders" WHERE "orders"."source_id" = '316c6832-e038-4599-bc32-2b0bf1b9f1c1' LIMIT 1 /*application='PizzaOrders'*/[0m
  [1m[36mOrder Create (0.1ms)[0m  [1m[32mINSERT INTO "orders" ("created_at", "discount_code", "promotion_codes", "source_id", "state", "updated_at") VALUES ('2021-04-14 11:16:00', NULL, '[]', '316c6832-e038-4599-bc32-2b0bf1b9f1c1', 0, '2026-09-22 13:02:51.999337') RETURNING "id" /*application='PizzaOrders'*/[0m
  [1m[36mTRANSACTION (0.1ms)[0m  [1m[35mCOMMIT TRANSACTION /*application='PizzaOrders'*/[0m
  [1m[36mPizza Load (0.1ms)[0m  [1m[34mSELECT "pizzas".* FROM "pizzas" WHERE "pizzas"."name" = 'Tonno' LIMIT 1 /*application='PizzaOrders'*/[0m
  [1m[36mTRANSACTION (0.0ms)[0m  [1m[35mBEGIN immediate TRANSACTION /*application='PizzaOrders'*/[0m
  [1m[36mOrderItem Create (1.0ms)[0m  [1m[32mINSERT INTO "order_items" ("created_at", "extra_ingredients", "omitted_ingredients", "order_id", "pizza_id", "size", "updated_at") VALUES ('2026-09-22 13:02:52.013229', '[]', '[]', 1, 3, 'Large', '2026-09-22 13:02:52.013229') RETURNING "id" /*application='PizzaOrders'*/[0m
  [1m[36mTRANSACTION (0.1ms)[0m  [1m[35mCOMMIT TRANSACTION /*application='PizzaOrders'*/[0m
  [1m[36mOrder Load (0.1ms)[0m  [1m[34mSELECT "orders".* FROM "orders" WHERE "orders"."source_id" = 'f40d59d0-48bd-409a-ac7b-54a1b47f6680' LIMIT 1 /*application='PizzaOrders'*/[0m
  [1m[36mTRANSACTION (0.0ms)[0m  [1m[35mBEGIN immediate TRANSACTION /*application='PizzaOrders'*/[0m
  [1m[36mOrder Exists? (0.9ms)[0m  [1m[34mSELECT 1 AS one FROM "orders" WHERE "orders"."source_id" = 'f40d59d0-48bd-409a-ac7b-54a1b47f6680' LIMIT 1 /*application='PizzaOrders'*/[0m
  [1m[36mOrder Create (0.1ms)[0m  [1m[32mINSERT INTO "orders" ("created_at", "discount_code", "promotion_codes", "source_id", "state", "updated_at") VALUES ('2021-04-14 13:17:25', NULL, '[]', 'f40d59d0-48bd-409a-ac7b-54a1b47f6680', 0, '2026-09-22 13:02:52.018849') RETURNING "id" /*application='PizzaOrders'*/[0m
  [1m[36mTRANSACTION (0.1ms)[0m  [1m[35mCOMMIT TRANSACTION /*application='PizzaOrders'*/[0m
  [1m[36mPizza Load (0.1ms)[0m  [1m[34mSELECT "pizzas".* FROM "pizzas" WHERE "pizzas"."name" = 'Margherita' LIMIT 1 /*application='PizzaOrders'*/[0m
  [1m[36mTRANSACTION (0.0ms)[0m  [1m[35mBEGIN immediate TRANSACTION /*application='PizzaOrders'*/[0m
  [1m[36mOrderItem Create (1.0ms)[0m  [1m[32mINSERT INTO "order_items" ("created_at", "extra_ingredients", "omitted_ingredients", "order_id", "pizza_id", "size", "updated_at") VALUES ('2026-09-22 13:02:52.021895', '["Onions","Cheese","Olives"]', '[]', 2, 1, 'Large', '2026-09-22 13:02:52.021895') RETURNING "id" /*application='PizzaOrders'*/[0m
  [1m[36mTRANSACTION (0.1ms)[0m  [1m[35mCOMMIT TRANSACTION /*application='PizzaOrders'*/[0m
  [1m[36mPizza Load (0.1ms)[0m  [1m[34mSELECT "pizzas".* FROM "pizzas" WHERE "pizzas"."name" = 'Tonno' LIMIT 1 /*application='PizzaOrders'*/[0m
  [1m[36mTRANSACTION (0.1ms)[0m  [1m[35mBEGIN immediate TRANSACTION /*application='PizzaOrders'*/[0m
  [1m[36mOrderItem Create (0.9ms)[0m  [1m[32mINSERT INTO "order_items" ("created_at", "extra_ingredients", "omitted_ingredients", "order_id", "pizza_id", "size", "updated_at") VALUES ('2026-09-22 13:02:52.025454', '[]', '["Onions","Olives"]', 2, 3, 'Medium', '2026-09-22 13:02:52.025454') RETURNING "id" /*application='PizzaOrders'*/[0m
  [1m[36mTRANSACTION (0.1ms)[0m  [1m[35mCOMMIT TRANSACTION /*application='PizzaOrders'*/[0m
  [1m[36mPizza Load (0.1ms)[0m  [1m[34mSELECT "pizzas".* FROM "pizzas" WHERE "pizzas"."name" = 'Margherita' LIMIT 1 /*application='PizzaOrders'*/[0m
  [1m[36mTRANSACTION (0.0ms)[0m  [1m[35mBEGIN immediate TRANSACTION /*application='PizzaOrders'*/[0m
  [1m[36mOrderItem Create (0.9ms)[0m  [1m[32mINSERT INTO "order_items" ("created_at", "extra_ingredients", "omitted_ingredients", "order_id", "pizza_id", "size", "updated_at") VALUES ('2026-09-22 13:02:52.028813', '[]', '[]', 2, 1, 'Small', '2026-09-22 13:02:52.028813') RETURNING "id" /*application='PizzaOrders'*/[0m
  [1m[36mTRANSACTION (0.1ms)[0m  [1m[35mCOMMIT TRANSACTION /*application='PizzaOrders'*/[0m
  [1m[36mOrder Load (0.1ms)[0m  [1m[34mSELECT "orders".* FROM "orders" WHERE "orders"."source_id" = '9232679d-e3fd-40bd-81f4-7114ea96e420' LIMIT 1 /*application='PizzaOrders'*/[0m
  [1m[36mTRANSACTION (0.0ms)[0m  [1m[35mBEGIN immediate TRANSACTION /*application='PizzaOrders'*/[0m
  [1m[36mOrder Exists? (1.0ms)[0m  [1m[34mSELECT 1 AS one FROM "orders" WHERE "orders"."source_id" = '9232679d-e3fd-40bd-81f4-7114ea96e420' LIMIT 1 /*application='PizzaOrders'*/[0m
  [1m[36mOrder Create (0.1ms)[0m  [1m[32mINSERT INTO "orders" ("created_at", "discount_code", "promotion_codes", "source_id", "state", "updated_at") VALUES ('2021-04-14 14:08:47', 'SAVE5', '["2FOR1"]', '9232679d-e3fd-40bd-81f4-7114ea96e420', 0, '2026-09-22 13:02:52.038271') RETURNING "id" /*application='PizzaOrders'*/[0m
  [1m[36mTRANSACTION (0.1ms)[0m  [1m[35mCOMMIT TRANSACTION /*application='PizzaOrders'*/[0m
  [1m[36mPizza Load (0.1ms)[0m  [1m[34mSELECT "pizzas".* FROM "pizzas" WHERE "pizzas"."name" = 'Salami' LIMIT 1 /*application='PizzaOrders'*/[0m
  [1m[36mTRANSACTION (0.0ms)[0m  [1m[35mBEGIN immediate TRANSACTION /*application='PizzaOrders'*/[0m
  [1m[36mOrderItem Create (0.9ms)[0m  [1m[32mINSERT INTO "order_items" ("created_at", "extra_ingredients", "omitted_ingredients", "order_id", "pizza_id", "size", "updated_at") VALUES ('2026-09-22 13:02:52.041007', '["Onions"]', '["Cheese"]', 3, 2, 'Medium', '2026-09-22 13:02:52.041007') RETURNING "id" /*application='PizzaOrders'*/[0m
  [1m[36mTRANSACTION (0.1ms)[0m  [1m[35mCOMMIT TRANSACTION /*application='PizzaOrders'*/[0m
  [1m[36mPizza Load (0.1ms)[0m  [1m[34mSELECT "pizzas".* FROM "pizzas" WHERE "pizzas"."name" = 'Salami' LIMIT 1 /*application='PizzaOrders'*/[0m
  [1m[36mTRANSACTION (0.0ms)[0m  [1m[35mBEGIN immediate TRANSACTION /*application='PizzaOrders'*/[0m
  [1m[36mOrderItem Create (0.9ms)[0m  [1m[32mINSERT INTO "order_items" ("created_at", "extra_ingredients", "omitted_ingredients", "order_id", "pizza_id", "size", "updated_at") VALUES ('2026-09-22 13:02:52.045028', '[]', '[]', 3, 2, 'Small', '2026-09-22 13:02:52.045028') RETURNING "id" /*application='PizzaOrders'*/[0m
  [1m[36mTRANSACTION (0.1ms)[0m  [1m[35mCOMMIT TRANSACTION /*application='PizzaOrders'*/[0m
  [1m[36mPizza Load (0.1ms)[0m  [1m[34mSELECT "pizzas".* FROM "pizzas" WHERE "pizzas"."name" = 'Salami' LIMIT 1 /*application='PizzaOrders'*/[0m
  [1m[36mTRANSACTION (0.0ms)[0m  [1m[35mBEGIN immediate TRANSACTION /*application='PizzaOrders'*/[0m
  [1m[36mOrderItem Create (1.3ms)[0m  [1m[32mINSERT INTO "order_items" ("created_at", "extra_ingredients", "omitted_ingredients", "order_id", "pizza_id", "size", "updated_at") VALUES ('2026-09-22 13:02:52.048601', '[]', '[]', 3, 2, 'Small', '2026-09-22 13:02:52.048601') RETURNING "id" /*application='PizzaOrders'*/[0m
  [1m[36mTRANSACTION (0.1ms)[0m  [1m[35mCOMMIT TRANSACTION /*application='PizzaOrders'*/[0m
  [1m[36mPizza Load (0.1ms)[0m  [1m[34mSELECT "pizzas".* FROM "pizzas" WHERE "pizzas"."name" = 'Salami' LIMIT 1 /*application='PizzaOrders'*/[0m
  [1m[36mTRANSACTION (0.0ms)[0m  [1m[35mBEGIN immediate TRANSACTION /*application='PizzaOrders'*/[0m
  [1m[36mOrderItem Create (1.2ms)[0m  [1m[32mINSERT INTO "order_items" ("created_at", "extra_ingredients", "omitted_ingredients", "order_id", "pizza_id", "size", "updated_at") VALUES ('2026-09-22 13:02:52.052596', '[]', '[]', 3, 2, 'Small', '2026-09-22 13:02:52.052596') RETURNING "id" /*application='PizzaOrders'*/[0m
  [1m[36mTRANSACTION (0.1ms)[0m  [1m[35mCOMMIT TRANSACTION /*application='PizzaOrders'*/[0m
  [1m[36mPizza Load (0.1ms)[0m  [1m[34mSELECT "pizzas".* FROM "pizzas" WHERE "pizzas"."name" = 'Salami' LIMIT 1 /*application='PizzaOrders'*/[0m
  [1m[36mTRANSACTION (0.0ms)[0m  [1m[35mBEGIN immediate TRANSACTION /*application='PizzaOrders'*/[0m
  [1m[36mOrderItem Create (0.9ms)[0m  [1m[32mINSERT INTO "order_items" ("created_at", "extra_ingredients", "omitted_ingredients", "order_id", "pizza_id", "size", "updated_at") VALUES ('2026-09-22 13:02:52.056305', '["Olives"]', '[]', 3, 2, 'Small', '2026-09-22 13:02:52.056305') RETURNING "id" /*application='PizzaOrders'*/[0m
  [1m[36mTRANSACTION (0.1ms)[0m  [1m[35mCOMMIT TRANSACTION /*application='PizzaOrders'*/[0m
Using vips to process variants requires the libvips library. Please install libvips using the instructions on the libvips website.
  [1m[36mOrder Load (0.2ms)[0m  [1m[34mSELECT "orders".* FROM "orders" WHERE "orders"."source_id" = '316c6832-e038-4599-bc32-2b0bf1b9f1c1' LIMIT 1 /*application='PizzaOrders'*/[0m
  [1m[36mOrderItem Count (0.1ms)[0m  [1m[34mSELECT COUNT(*) FROM "order_items" WHERE "order_items"."order_id" = 1 /*application='PizzaOrders'*/[0m
Started GET "/" for 127.0.0.1 at 2026-09-22 15:03:08 +0200
Processing by OrdersController#index as HTML
  Rendering layout layouts/application.html.erb
  Rendering orders/index.html.erb within layouts/application
  [1m[36mOrder Load (0.1ms)[0m  [1m[34mSELECT "orders".* FROM "orders" WHERE "orders"."state" = 0 ORDER BY "orders"."created_at" ASC /*action='index',application='PizzaOrders',controller='orders'*/[0m
  ↳ app/views/orders/index.html.erb:4
  [1m[36mOrderItem Load (0.3ms)[0m  [1m[34mSELECT "order_items".* FROM "order_items" WHERE "order_items"."order_id" IN (2, 3, 4) /*action='index',application='PizzaOrders',controller='orders'*/[0m
  ↳ app/views/orders/index.html.erb:4
  [1m[36mPizza Load (0.2ms)[0m  [1m[34mSELECT "pizzas".* FROM "pizzas" WHERE "pizzas"."id" IN (6, 4, 5) /*action='index',application='PizzaOrders',controller='orders'*/[0m
  ↳ app/views/orders/index.html.erb:4
  Rendered orders/index.html.erb within layouts/application (Duration: 7.6ms | GC: 0.7ms)
  Rendered layout layouts/application.html.erb (Duration: 8.3ms | GC: 0.7ms)
Completed 200 OK in 10ms (Views: 8.2ms | ActiveRecord: 0.6ms (3 queries, 0 cached) | GC: 0.7ms)


Started GET "/" for 127.0.0.1 at 2026-09-22 15:03:10 +0200
Processing by OrdersController#index as HTML
  Rendering layout layouts/application.html.erb
  Rendering orders/index.html.erb within layouts/application
  [1m[36mOrder Load (0.1ms)[0m  [1m[34mSELECT "orders".* FROM "orders" WHERE "orders"."state" = 0 ORDER BY "orders"."created_at" ASC /*action='index',application='PizzaOrders',controller='orders'*/[0m
  ↳ app/views/orders/index.html.erb:4
  [1m[36mOrderItem Load (0.2ms)[0m  [1m[34mSELECT "order_items".* FROM "order_items" WHERE "order_items"."order_id" IN (2, 3, 4) /*action='index',application='PizzaOrders',controller='orders'*/[0m
  ↳ app/views/orders/index.html.erb:4
  [1m[36mPizza Load (0.1ms)[0m  [1m[34mSELECT "pizzas".* FROM "pizzas" WHERE "pizzas"."id" IN (6, 4, 5) /*action='index',application='PizzaOrders',controller='orders'*/[0m
  ↳ app/views/orders/index.html.erb:4
  Rendered orders/index.html.erb within layouts/application (Duration: 5.9ms | GC: 0.5ms)
  Rendered layout layouts/application.html.erb (Duration: 6.4ms | GC: 0.5ms)
Completed 200 OK in 8ms (Views: 6.4ms | ActiveRecord: 0.4ms (3 queries, 0 cached) | GC: 0.5ms)


Started GET "/" for 127.0.0.1 at 2026-09-22 15:04:09 +0200
Processing by OrdersController#index as HTML
  Rendering layout layouts/application.html.erb
  Rendering orders/index.html.erb within layouts/application
  [1m[36mOrder Load (0.2ms)[0m  [1m[34mSELECT "orders".* FROM "orders" WHERE "orders"."state" = 0 ORDER BY "orders"."created_at" ASC /*action='index',application='PizzaOrders',controller='orders'*/[0m
  ↳ app/views/orders/index.html.erb:4
  [1m[36mOrderItem Load (0.2ms)[0m  [1m[34mSELECT "order_items".* FROM "order_items" WHERE "order_items"."order_id" IN (2, 3, 4) /*action='index',application='PizzaOrders',controller='orders'*/[0m
  ↳ app/views/orders/index.html.erb:4
  [1m[36mPizza Load (0.1ms)[0m  [1m[34mSELECT "pizzas".* FROM "pizzas" WHERE "pizzas"."id" IN (6, 4, 5) /*action='index',application='PizzaOrders',controller='orders'*/[0m
  ↳ app/views/orders/index.html.erb:4
  Rendered orders/index.html.erb within layouts/application (Duration: 6.6ms | GC: 0.0ms)
  Rendered layout layouts/application.html.erb (Duration: 8.1ms | GC: 0.0ms)
Completed 200 OK in 10ms (Views: 8.1ms | ActiveRecord: 0.4ms (3 queries, 0 cached) | GC: 0.0ms)


Started GET "/" for 127.0.0.1 at 2026-09-22 15:05:19 +0200
Processing by OrdersController#index as HTML
  Rendering layout layouts/application.html.erb
  Rendering orders/index.html.erb within layouts/application
  [1m[36mOrder Load (0.5ms)[0m  [1m[34mSELECT "orders".* FROM "orders" WHERE "orders"."state" = 0 ORDER BY "orders"."created_at" ASC /*action='index',application='PizzaOrders',controller='orders'*/[0m
  ↳ app/views/orders/index.html.erb:4
  [1m[36mOrderItem Load (0.5ms)[0m  [1m[34mSELECT "order_items".* FROM "order_items" WHERE "order_items"."order_id" IN (1, 2, 3) /*action='index',application='PizzaOrders',controller='orders'*/[0m
  ↳ app/views/orders/index.html.erb:4
  [1m[36mPizza Load (0.7ms)[0m  [1m[34mSELECT "pizzas".* FROM "pizzas" WHERE "pizzas"."id" IN (3, 1, 2) /*action='index',application='PizzaOrders',controller='orders'*/[0m
  ↳ app/views/orders/index.html.erb:4
  Rendered orders/index.html.erb within layouts/application (Duration: 35.9ms | GC: 0.7ms)
  Rendered layout layouts/application.html.erb (Duration: 44.7ms | GC: 0.7ms)
Completed 200 OK in 58ms (Views: 45.0ms | ActiveRecord: 5.1ms (3 queries, 0 cached) | GC: 0.8ms)


Started GET "/" for 127.0.0.1 at 2026-09-22 15:07:21 +0200
Processing by OrdersController#index as HTML
  Rendering layout layouts/application.html.erb
  Rendering orders/index.html.erb within layouts/application
  [1m[36mOrder Load (0.3ms)[0m  [1m[34mSELECT "orders".* FROM "orders" WHERE "orders"."state" = 0 ORDER BY "orders"."created_at" ASC /*action='index',application='PizzaOrders',controller='orders'*/[0m
  ↳ app/views/orders/index.html.erb:4
  [1m[36mOrderItem Load (0.1ms)[0m  [1m[34mSELECT "order_items".* FROM "order_items" WHERE "order_items"."order_id" IN (1, 2, 3) /*action='index',application='PizzaOrders',controller='orders'*/[0m
  ↳ app/views/orders/index.html.erb:4
  [1m[36mPizza Load (0.1ms)[0m  [1m[34mSELECT "pizzas".* FROM "pizzas" WHERE "pizzas"."id" IN (3, 1, 2) /*action='index',application='PizzaOrders',controller='orders'*/[0m
  ↳ app/views/orders/index.html.erb:4
  Rendered orders/index.html.erb within layouts/application (Duration: 20.4ms | GC: 0.5ms)
  Rendered layout layouts/application.html.erb (Duration: 22.6ms | GC: 0.5ms)
Completed 200 OK in 30ms (Views: 22.7ms | ActiveRecord: 2.5ms (3 queries, 0 cached) | GC: 0.7ms)


Started GET "/" for 127.0.0.1 at 2026-09-22 15:07:23 +0200
Processing by OrdersController#index as HTML
  Rendering layout layouts/application.html.erb
  Rendering orders/index.html.erb within layouts/application
  [1m[36mOrder Load (0.2ms)[0m  [1m[34mSELECT "orders".* FROM "orders" WHERE "orders"."state" = 0 ORDER BY "orders"."created_at" ASC /*action='index',application='PizzaOrders',controller='orders'*/[0m
  ↳ app/views/orders/index.html.erb:4
  [1m[36mOrderItem Load (0.2ms)[0m  [1m[34mSELECT "order_items".* FROM "order_items" WHERE "order_items"."order_id" IN (1, 2, 3) /*action='index',application='PizzaOrders',controller='orders'*/[0m
  ↳ app/views/orders/index.html.erb:4
  [1m[36mPizza Load (0.1ms)[0m  [1m[34mSELECT "pizzas".* FROM "pizzas" WHERE "pizzas"."id" IN (3, 1, 2) /*action='index',application='PizzaOrders',controller='orders'*/[0m
  ↳ app/views/orders/index.html.erb:4
  Rendered orders/index.html.erb within layouts/application (Duration: 6.2ms | GC: 0.4ms)
  Rendered layout layouts/application.html.erb (Duration: 6.9ms | GC: 0.4ms)
Completed 200 OK in 9ms (Views: 7.0ms | ActiveRecord: 0.4ms (3 queries, 0 cached) | GC: 0.4ms)


Started GET "/" for 127.0.0.1 at 2026-09-22 15:07:29 +0200
Processing by OrdersController#index as HTML
  Rendering layout layouts/application.html.erb
  Rendering orders/index.html.erb within layouts/application
  [1m[36mOrder Load (0.2ms)[0m  [1m[34mSELECT "orders".* FROM "orders" WHERE "orders"."state" = 0 ORDER BY "orders"."created_at" ASC /*action='index',application='PizzaOrders',controller='orders'*/[0m
  ↳ app/views/orders/index.html.erb:4
  [1m[36mOrderItem Load (0.2ms)[0m  [1m[34mSELECT "order_items".* FROM "order_items" WHERE "order_items"."order_id" IN (1, 2, 3) /*action='index',application='PizzaOrders',controller='orders'*/[0m
  ↳ app/views/orders/index.html.erb:4
  [1m[36mPizza Load (0.1ms)[0m  [1m[34mSELECT "pizzas".* FROM "pizzas" WHERE "pizzas"."id" IN (3, 1, 2) /*action='index',application='PizzaOrders',controller='orders'*/[0m
  ↳ app/views/orders/index.html.erb:4
  Rendered orders/index.html.erb within layouts/application (Duration: 44.6ms | GC: 18.8ms)
  Rendered layout layouts/application.html.erb (Duration: 47.7ms | GC: 18.8ms)
Completed 200 OK in 66ms (Views: 50.2ms | ActiveRecord: 3.1ms (3 queries, 0 cached) | GC: 27.1ms)


Using vips to process variants requires the libvips library. Please install libvips using the instructions on the libvips website.
Started GET "/" for 127.0.0.1 at 2026-09-22 15:09:40 +0200
Processing by OrdersController#index as HTML
  Rendering layout layouts/application.html.erb
  Rendering orders/index.html.erb within layouts/application
  [1m[36mOrder Load (0.2ms)[0m  [1m[34mSELECT "orders".* FROM "orders" WHERE "orders"."state" = 0 ORDER BY "orders"."created_at" ASC /*action='index',application='PizzaOrders',controller='orders'*/[0m
  ↳ app/views/orders/index.html.erb:4
  [1m[36mOrderItem Load (0.1ms)[0m  [1m[34mSELECT "order_items".* FROM "order_items" WHERE "order_items"."order_id" IN (1, 2, 3) /*action='index',application='PizzaOrders',controller='orders'*/[0m
  ↳ app/views/orders/index.html.erb:4
  [1m[36mPizza Load (0.3ms)[0m  [1m[34mSELECT "pizzas".* FROM "pizzas" WHERE "pizzas"."id" IN (3, 1, 2) /*action='index',application='PizzaOrders',controller='orders'*/[0m
  ↳ app/views/orders/index.html.erb:4
  Rendered orders/index.html.erb within layouts/application (Duration: 24.2ms | GC: 0.7ms)
  Rendered layout layouts/application.html.erb (Duration: 28.3ms | GC: 0.8ms)
Completed 200 OK in 36ms (Views: 28.0ms | ActiveRecord: 2.9ms (3 queries, 0 cached) | GC: 1.2ms)


Started GET "/" for 127.0.0.1 at 2026-09-22 15:10:12 +0200
Processing by OrdersController#index as HTML
  Rendering layout layouts/application.html.erb
  Rendering orders/index.html.erb within layouts/application
  [1m[36mOrder Load (0.1ms)[0m  [1m[34mSELECT "orders".* FROM "orders" WHERE "orders"."state" = 0 ORDER BY "orders"."created_at" ASC /*action='index',application='PizzaOrders',controller='orders'*/[0m
  ↳ app/views/orders/index.html.erb:4
  [1m[36mOrderItem Load (0.3ms)[0m  [1m[34mSELECT "order_items".* FROM "order_items" WHERE "order_items"."order_id" IN (1, 2, 3) /*action='index',application='PizzaOrders',controller='orders'*/[0m
  ↳ app/views/orders/index.html.erb:4
  [1m[36mPizza Load (0.1ms)[0m  [1m[34mSELECT "pizzas".* FROM "pizzas" WHERE "pizzas"."id" IN (3, 1, 2) /*action='index',application='PizzaOrders',controller='orders'*/[0m
  ↳ app/views/orders/index.html.erb:4
  Rendered orders/index.html.erb within layouts/application (Duration: 18.6ms | GC: 0.8ms)
  Rendered layout layouts/application.html.erb (Duration: 20.8ms | GC: 0.8ms)
Completed 200 OK in 29ms (Views: 21.2ms | ActiveRecord: 2.4ms (3 queries, 0 cached) | GC: 1.6ms)


Started GET "/" for 127.0.0.1 at 2026-09-22 15:11:39 +0200
Processing by OrdersController#index as HTML
  Rendering layout layouts/application.html.erb
  Rendering orders/index.html.erb within layouts/application
  [1m[36mOrder Load (0.1ms)[0m  [1m[34mSELECT "orders".* FROM "orders" WHERE "orders"."state" = 0 ORDER BY "orders"."created_at" ASC /*action='index',application='PizzaOrders',controller='orders'*/[0m
  ↳ app/views/orders/index.html.erb:4
  [1m[36mOrderItem Load (0.1ms)[0m  [1m[34mSELECT "order_items".* FROM "order_items" WHERE "order_items"."order_id" IN (1, 2, 3) /*action='index',application='PizzaOrders',controller='orders'*/[0m
  ↳ app/views/orders/index.html.erb:4
  [1m[36mPizza Load (0.1ms)[0m  [1m[34mSELECT "pizzas".* FROM "pizzas" WHERE "pizzas"."id" IN (3, 1, 2) /*action='index',application='PizzaOrders',controller='orders'*/[0m
  ↳ app/views/orders/index.html.erb:4
  Rendered orders/index.html.erb within layouts/application (Duration: 17.5ms | GC: 0.6ms)
  Rendered layout layouts/application.html.erb (Duration: 19.7ms | GC: 0.7ms)
Completed 200 OK in 27ms (Views: 19.9ms | ActiveRecord: 2.1ms (3 queries, 0 cached) | GC: 1.4ms)


Using vips to process variants requires the libvips library. Please install libvips using the instructions on the libvips website.
Using vips to process variants requires the libvips library. Please install libvips using the instructions on the libvips website.
Started GET "/" for 127.0.0.1 at 2026-09-22 15:12:20 +0200
  [1m[36mActiveRecord::SchemaMigration Load (0.6ms)[0m  [1m[34mSELECT "schema_migrations"."version" FROM "schema_migrations" ORDER BY "schema_migrations"."version" ASC /*application='PizzaOrders'*/[0m
Processing by OrdersController#index as HTML
  Rendering layout layouts/application.html.erb
  Rendering orders/index.html.erb within layouts/application
  [1m[36mOrder Load (0.2ms)[0m  [1m[34mSELECT "orders".* FROM "orders" WHERE "orders"."state" = 0 ORDER BY "orders"."created_at" ASC /*action='index',application='PizzaOrders',controller='orders'*/[0m
  ↳ app/views/orders/index.html.erb:4
  [1m[36mOrderItem Load (0.2ms)[0m  [1m[34mSELECT "order_items".* FROM "order_items" WHERE "order_items"."order_id" IN (1, 2, 3) /*action='index',application='PizzaOrders',controller='orders'*/[0m
  ↳ app/views/orders/index.html.erb:4
  [1m[36mPizza Load (0.1ms)[0m  [1m[34mSELECT "pizzas".* FROM "pizzas" WHERE "pizzas"."id" IN (3, 1, 2) /*action='index',application='PizzaOrders',controller='orders'*/[0m
  ↳ app/views/orders/index.html.erb:4
  Rendered orders/index.html.erb within layouts/application (Duration: 46.9ms | GC: 0.0ms)
  Rendered layout layouts/application.html.erb (Duration: 69.1ms | GC: 13.9ms)
Completed 200 OK in 114ms (Views: 72.3ms | ActiveRecord: 3.3ms (3 queries, 0 cached) | GC: 13.9ms)


Started GET "/" for 127.0.0.1 at 2026-09-22 15:12:59 +0200
Processing by OrdersController#index as HTML
  Rendering layout layouts/application.html.erb
  Rendering orders/index.html.erb within layouts/application
  [1m[36mOrder Load (0.1ms)[0m  [1m[34mSELECT "orders".* FROM "orders" WHERE "orders"."state" = 0 ORDER BY "orders"."created_at" ASC /*action='index',application='PizzaOrders',controller='orders'*/[0m
  ↳ app/views/orders/index.html.erb:4
  [1m[36mOrderItem Load (0.2ms)[0m  [1m[34mSELECT "order_items".* FROM "order_items" WHERE "order_items"."order_id" IN (1, 2, 3) /*action='index',application='PizzaOrders',controller='orders'*/[0m
  ↳ app/views/orders/index.html.erb:4
  [1m[36mPizza Load (0.1ms)[0m  [1m[34mSELECT "pizzas".* FROM "pizzas" WHERE "pizzas"."id" IN (3, 1, 2) /*action='index',application='PizzaOrders',controller='orders'*/[0m
  ↳ app/views/orders/index.html.erb:4
  Rendered orders/index.html.erb within layouts/application (Duration: 18.1ms | GC: 0.1ms)
  Rendered layout layouts/application.html.erb (Duration: 20.4ms | GC: 0.1ms)
Completed 200 OK in 28ms (Views: 21.0ms | ActiveRecord: 2.3ms (3 queries, 0 cached) | GC: 0.4ms)


Started GET "/" for 127.0.0.1 at 2026-09-22 15:13:08 +0200
Processing by OrdersController#index as HTML
  Rendering layout layouts/application.html.erb
  Rendering orders/index.html.erb within layouts/application
  [1m[36mOrder Load (0.1ms)[0m  [1m[34mSELECT "orders".* FROM "orders" WHERE "orders"."state" = 0 ORDER BY "orders"."created_at" ASC /*action='index',application='PizzaOrders',controller='orders'*/[0m
  ↳ app/views/orders/index.html.erb:4
  [1m[36mOrderItem Load (0.1ms)[0m  [1m[34mSELECT "order_items".* FROM "order_items" WHERE "order_items"."order_id" IN (1, 2, 3) /*action='index',application='PizzaOrders',controller='orders'*/[0m
  ↳ app/views/orders/index.html.erb:4
  [1m[36mPizza Load (0.2ms)[0m  [1m[34mSELECT "pizzas".* FROM "pizzas" WHERE "pizzas"."id" IN (3, 1, 2) /*action='index',application='PizzaOrders',controller='orders'*/[0m
  ↳ app/views/orders/index.html.erb:4
  Rendered orders/index.html.erb within layouts/application (Duration: 18.8ms | GC: 0.8ms)
  Rendered layout layouts/application.html.erb (Duration: 20.8ms | GC: 0.8ms)
Completed 200 OK in 29ms (Views: 21.2ms | ActiveRecord: 2.5ms (3 queries, 0 cached) | GC: 0.9ms)


Started PATCH "/orders/1" for 127.0.0.1 at 2026-09-22 15:13:14 +0200
Processing by OrdersController#update as TURBO_STREAM
  Parameters: {"authenticity_token"=>"[FILTERED]", "id"=>"1"}
  [1m[36mOrder Load (0.1ms)[0m  [1m[34mSELECT "orders".* FROM "orders" WHERE "orders"."id" = 1 LIMIT 1 /*action='update',application='PizzaOrders',controller='orders'*/[0m
  ↳ app/controllers/orders_controller.rb:7:in `update'
  [1m[36mTRANSACTION (0.1ms)[0m  [1m[35mBEGIN immediate TRANSACTION /*action='update',application='PizzaOrders',controller='orders'*/[0m
  ↳ app/controllers/orders_controller.rb:8:in `update'
  [1m[36mOrder Update (0.1ms)[0m  [1m[33mUPDATE "orders" SET "state" = 1, "updated_at" = '2026-09-22 13:13:14.212171' WHERE "orders"."id" = 1 /*action='update',application='PizzaOrders',controller='orders'*/[0m
  ↳ app/controllers/orders_controller.rb:8:in `update'
  [1m[36mTRANSACTION (0.4ms)[0m  [1m[35mCOMMIT TRANSACTION /*action='update',application='PizzaOrders',controller='orders'*/[0m
  ↳ app/controllers/orders_controller.rb:8:in `update'
Redirected to http://127.0.0.1:3000/orders
↳ app/controllers/orders_controller.rb:9:in `update'
Completed 302 Found in 8ms (ActiveRecord: 1.9ms (2 queries, 0 cached) | GC: 0.0ms)


Started GET "/orders" for 127.0.0.1 at 2026-09-22 15:13:14 +0200
Processing by OrdersController#index as TURBO_STREAM
  Rendering layout layouts/application.html.erb
  Rendering orders/index.html.erb within layouts/application
  [1m[36mOrder Load (0.1ms)[0m  [1m[34mSELECT "orders".* FROM "orders" WHERE "orders"."state" = 0 ORDER BY "orders"."created_at" ASC /*action='index',application='PizzaOrders',controller='orders'*/[0m
  ↳ app/views/orders/index.html.erb:4
  [1m[36mOrderItem Load (0.1ms)[0m  [1m[34mSELECT "order_items".* FROM "order_items" WHERE "order_items"."order_id" IN (2, 3) /*action='index',application='PizzaOrders',controller='orders'*/[0m
  ↳ app/views/orders/index.html.erb:4
  [1m[36mPizza Load (0.1ms)[0m  [1m[34mSELECT "pizzas".* FROM "pizzas" WHERE "pizzas"."id" IN (1, 3, 2) /*action='index',application='PizzaOrders',controller='orders'*/[0m
  ↳ app/views/orders/index.html.erb:4
  Rendered orders/index.html.erb within layouts/application (Duration: 15.1ms | GC: 10.4ms)
  Rendered layout layouts/application.html.erb (Duration: 15.7ms | GC: 10.4ms)
Completed 200 OK in 17ms (Views: 15.7ms | ActiveRecord: 0.3ms (3 queries, 0 cached) | GC: 10.4ms)


Started GET "/.well-known/appspecific/com.chrome.devtools.json" for 127.0.0.1 at 2026-09-22 15:13:17 +0200
  
ActionController::RoutingError (No route matches [GET] "/.well-known/appspecific/com.chrome.devtools.json"):
  
Started GET "/orders" for 127.0.0.1 at 2026-09-22 15:17:04 +0200
Processing by OrdersController#index as HTML
  Rendering layout layouts/application.html.erb
  Rendering orders/index.html.erb within layouts/application
  [1m[36mOrder Load (1.0ms)[0m  [1m[34mSELECT "orders".* FROM "orders" WHERE "orders"."state" = 0 ORDER BY "orders"."created_at" ASC /*action='index',application='PizzaOrders',controller='orders'*/[0m
  ↳ app/views/orders/index.html.erb:4
  [1m[36mOrderItem Load (0.2ms)[0m  [1m[34mSELECT "order_items".* FROM "order_items" WHERE "order_items"."order_id" IN (2, 3) /*action='index',application='PizzaOrders',controller='orders'*/[0m
  ↳ app/views/orders/index.html.erb:4
  [1m[36mPizza Load (0.1ms)[0m  [1m[34mSELECT "pizzas".* FROM "pizzas" WHERE "pizzas"."id" IN (1, 3, 2) /*action='index',application='PizzaOrders',controller='orders'*/[0m
  ↳ app/views/orders/index.html.erb:4
  Rendered orders/index.html.erb within layouts/application (Duration: 52.2ms | GC: 27.6ms)
  Rendered layout layouts/application.html.erb (Duration: 60.4ms | GC: 28.0ms)
Completed 200 OK in 75ms (Views: 60.6ms | ActiveRecord: 4.1ms (3 queries, 0 cached) | GC: 34.1ms)


Started GET "/orders" for 127.0.0.1 at 2026-09-22 15:17:22 +0200
Processing by OrdersController#index as HTML
  Rendering layout layouts/application.html.erb
  Rendering orders/index.html.erb within layouts/application
  [1m[36mOrder Load (0.2ms)[0m  [1m[34mSELECT "orders".* FROM "orders" WHERE "orders"."state" = 0 ORDER BY "orders"."created_at" ASC /*action='index',application='PizzaOrders',controller='orders'*/[0m
  ↳ app/views/orders/index.html.erb:4
  [1m[36mOrderItem Load (0.3ms)[0m  [1m[34mSELECT "order_items".* FROM "order_items" WHERE "order_items"."order_id" IN (2, 3) /*action='index',application='PizzaOrders',controller='orders'*/[0m
  ↳ app/views/orders/index.html.erb:4
  [1m[36mPizza Load (0.1ms)[0m  [1m[34mSELECT "pizzas".* FROM "pizzas" WHERE "pizzas"."id" IN (1, 3, 2) /*action='index',application='PizzaOrders',controller='orders'*/[0m
  ↳ app/views/orders/index.html.erb:4
  Rendered orders/index.html.erb within layouts/application (Duration: 27.6ms | GC: 4.7ms)
  Rendered layout layouts/application.html.erb (Duration: 31.3ms | GC: 5.2ms)
Completed 200 OK in 41ms (Views: 31.6ms | ActiveRecord: 3.0ms (3 queries, 0 cached) | GC: 5.8ms)


Started GET "/orders" for 127.0.0.1 at 2026-09-22 15:17:28 +0200
Processing by OrdersController#index as HTML
  Rendering layout layouts/application.html.erb
  Rendering orders/index.html.erb within layouts/application
  [1m[36mOrder Load (0.2ms)[0m  [1m[34mSELECT "orders".* FROM "orders" WHERE "orders"."state" = 0 ORDER BY "orders"."created_at" ASC /*action='index',application='PizzaOrders',controller='orders'*/[0m
  ↳ app/views/orders/index.html.erb:4
  [1m[36mOrderItem Load (0.2ms)[0m  [1m[34mSELECT "order_items".* FROM "order_items" WHERE "order_items"."order_id" IN (2, 3) /*action='index',application='PizzaOrders',controller='orders'*/[0m
  ↳ app/views/orders/index.html.erb:4
  [1m[36mPizza Load (0.2ms)[0m  [1m[34mSELECT "pizzas".* FROM "pizzas" WHERE "pizzas"."id" IN (1, 3, 2) /*action='index',application='PizzaOrders',controller='orders'*/[0m
  ↳ app/views/orders/index.html.erb:4
  Rendered orders/index.html.erb within layouts/application (Duration: 6.7ms | GC: 0.4ms)
  Rendered layout layouts/application.html.erb (Duration: 7.4ms | GC: 0.4ms)
Completed 200 OK in 9ms (Views: 7.4ms | ActiveRecord: 0.5ms (3 queries, 0 cached) | GC: 0.4ms)


Started GET "/orders" for 127.0.0.1 at 2026-09-22 15:17:31 +0200
Processing by OrdersController#index as HTML
  Rendering layout layouts/application.html.erb
  Rendering orders/index.html.erb within layouts/application
  [1m[36mOrder Load (0.1ms)[0m  [1m[34mSELECT "orders".* FROM "orders" WHERE "orders"."state" = 0 ORDER BY "orders"."created_at" ASC /*action='index',application='PizzaOrders',controller='orders'*/[0m
  ↳ app/views/orders/index.html.erb:4
  [1m[36mOrderItem Load (0.2ms)[0m  [1m[34mSELECT "order_items".* FROM "order_items" WHERE "order_items"."order_id" IN (2, 3) /*action='index',application='PizzaOrders',controller='orders'*/[0m
  ↳ app/views/orders/index.html.erb:4
  [1m[36mPizza Load (0.1ms)[0m  [1m[34mSELECT "pizzas".* FROM "pizzas" WHERE "pizzas"."id" IN (1, 3, 2) /*action='index',application='PizzaOrders',controller='orders'*/[0m
  ↳ app/views/orders/index.html.erb:4
  Rendered orders/index.html.erb within layouts/application (Duration: 5.8ms | GC: 0.3ms)
  Rendered layout layouts/application.html.erb (Duration: 6.5ms | GC: 0.3ms)
Completed 200 OK in 8ms (Views: 6.5ms | ActiveRecord: 0.4ms (3 queries, 0 cached) | GC: 0.3ms)


Started GET "/orders" for 127.0.0.1 at 2026-09-22 15:17:33 +0200
Processing by OrdersController#index as HTML
  Rendering layout layouts/application.html.erb
  Rendering orders/index.html.erb within layouts/application
  [1m[36mOrder Load (0.2ms)[0m  [1m[34mSELECT "orders".* FROM "orders" WHERE "orders"."state" = 0 ORDER BY "orders"."created_at" ASC /*action='index',application='PizzaOrders',controller='orders'*/[0m
  ↳ app/views/orders/index.html.erb:4
  [1m[36mOrderItem Load (0.2ms)[0m  [1m[34mSELECT "order_items".* FROM "order_items" WHERE "order_items"."order_id" IN (2, 3) /*action='index',application='PizzaOrders',controller='orders'*/[0m
  ↳ app/views/orders/index.html.erb:4
  [1m[36mPizza Load (0.1ms)[0m  [1m[34mSELECT "pizzas".* FROM "pizzas" WHERE "pizzas"."id" IN (1, 3, 2) /*action='index',application='PizzaOrders',controller='orders'*/[0m
  ↳ app/views/orders/index.html.erb:4
  Rendered orders/index.html.erb within layouts/application (Duration: 28.3ms | GC: 5.1ms)
  Rendered layout layouts/application.html.erb (Duration: 32.1ms | GC: 5.5ms)
Completed 200 OK in 42ms (Views: 32.8ms | ActiveRecord: 3.0ms (3 queries, 0 cached) | GC: 5.5ms)


Started GET "/orders" for 127.0.0.1 at 2026-09-22 15:18:31 +0200
Processing by OrdersController#index as HTML
  Rendering layout layouts/application.html.erb
  Rendering orders/index.html.erb within layouts/application
  [1m[36mOrder Load (0.2ms)[0m  [1m[34mSELECT "orders".* FROM "orders" WHERE "orders"."state" = 0 ORDER BY "orders"."created_at" ASC /*action='index',application='PizzaOrders',controller='orders'*/[0m
  ↳ app/views/orders/index.html.erb:4
  [1m[36mOrderItem Load (0.1ms)[0m  [1m[34mSELECT "order_items".* FROM "order_items" WHERE "order_items"."order_id" IN (2, 3) /*action='index',application='PizzaOrders',controller='orders'*/[0m
  ↳ app/views/orders/index.html.erb:4
  [1m[36mPizza Load (0.1ms)[0m  [1m[34mSELECT "pizzas".* FROM "pizzas" WHERE "pizzas"."id" IN (1, 3, 2) /*action='index',application='PizzaOrders',controller='orders'*/[0m
  ↳ app/views/orders/index.html.erb:4
  Rendered orders/index.html.erb within layouts/application (Duration: 21.7ms | GC: 4.1ms)
  Rendered layout layouts/application.html.erb (Duration: 24.0ms | GC: 4.3ms)
Completed 200 OK in 31ms (Views: 24.6ms | ActiveRecord: 2.2ms (3 queries, 0 cached) | GC: 4.3ms)


Started GET "/orders" for 127.0.0.1 at 2026-09-22 15:18:46 +0200
Processing by OrdersController#index as HTML
  Rendering layout layouts/application.html.erb
  Rendering orders/index.html.erb within layouts/application
  [1m[36mOrder Load (0.1ms)[0m  [1m[34mSELECT "orders".* FROM "orders" WHERE "orders"."state" = 0 ORDER BY "orders"."created_at" ASC /*action='index',application='PizzaOrders',controller='orders'*/[0m
  ↳ app/views/orders/index.html.erb:4
  [1m[36mOrderItem Load (0.2ms)[0m  [1m[34mSELECT "order_items".* FROM "order_items" WHERE "order_items"."order_id" IN (2, 3) /*action='index',application='PizzaOrders',controller='orders'*/[0m
  ↳ app/views/orders/index.html.erb:4
  [1m[36mPizza Load (0.1ms)[0m  [1m[34mSELECT "pizzas".* FROM "pizzas" WHERE "pizzas"."id" IN (1, 3, 2) /*action='index',application='PizzaOrders',controller='orders'*/[0m
  ↳ app/views/orders/index.html.erb:4
  Rendered orders/index.html.erb within layouts/application (Duration: 19.0ms | GC: 0.5ms)
  Rendered layout layouts/application.html.erb (Duration: 23.2ms | GC: 1.0ms)
Completed 200 OK in 31ms (Views: 23.4ms | ActiveRecord: 2.4ms (3 queries, 0 cached) | GC: 1.4ms)


Started GET "/orders" for 127.0.0.1 at 2026-09-22 15:18:52 +0200
Processing by OrdersController#index as HTML
  Rendering layout layouts/application.html.erb
  Rendering orders/index.html.erb within layouts/application
  [1m[36mOrder Load (0.2ms)[0m  [1m[34mSELECT "orders".* FROM "orders" WHERE "orders"."state" = 0 ORDER BY "orders"."created_at" ASC /*action='index',application='PizzaOrders',controller='orders'*/[0m
  ↳ app/views/orders/index.html.erb:4
  [1m[36mOrderItem Load (0.1ms)[0m  [1m[34mSELECT "order_items".* FROM "order_items" WHERE "order_items"."order_id" IN (2, 3) /*action='index',application='PizzaOrders',controller='orders'*/[0m
  ↳ app/views/orders/index.html.erb:4
  [1m[36mPizza Load (0.2ms)[0m  [1m[34mSELECT "pizzas".* FROM "pizzas" WHERE "pizzas"."id" IN (1, 3, 2) /*action='index',application='PizzaOrders',controller='orders'*/[0m
  ↳ app/views/orders/index.html.erb:4
  Rendered orders/index.html.erb within layouts/application (Duration: 23.7ms | GC: 0.7ms)
  Rendered layout layouts/application.html.erb (Duration: 28.2ms | GC: 0.7ms)
Completed 200 OK in 37ms (Views: 28.6ms | ActiveRecord: 2.8ms (3 queries, 0 cached) | GC: 0.9ms)


Started GET "/orders" for 127.0.0.1 at 2026-09-22 15:19:07 +0200
Processing by OrdersController#index as HTML
  Rendering layout layouts/application.html.erb
  Rendering orders/index.html.erb within layouts/application
  [1m[36mOrder Load (0.2ms)[0m  [1m[34mSELECT "orders".* FROM "orders" WHERE "orders"."state" = 0 ORDER BY "orders"."created_at" ASC /*action='index',application='PizzaOrders',controller='orders'*/[0m
  ↳ app/views/orders/index.html.erb:4
  [1m[36mOrderItem Load (0.2ms)[0m  [1m[34mSELECT "order_items".* FROM "order_items" WHERE "order_items"."order_id" IN (2, 3) /*action='index',application='PizzaOrders',controller='orders'*/[0m
  ↳ app/views/orders/index.html.erb:4
  [1m[36mPizza Load (0.1ms)[0m  [1m[34mSELECT "pizzas".* FROM "pizzas" WHERE "pizzas"."id" IN (1, 3, 2) /*action='index',application='PizzaOrders',controller='orders'*/[0m
  ↳ app/views/orders/index.html.erb:4
  Rendered orders/index.html.erb within layouts/application (Duration: 20.4ms | GC: 0.6ms)
  Rendered layout layouts/application.html.erb (Duration: 22.8ms | GC: 0.6ms)
Completed 200 OK in 31ms (Views: 22.8ms | ActiveRecord: 2.8ms (3 queries, 0 cached) | GC: 0.9ms)


Started GET "/orders" for 127.0.0.1 at 2026-09-22 15:19:12 +0200
Processing by OrdersController#index as HTML
  Rendering layout layouts/application.html.erb
  Rendering orders/index.html.erb within layouts/application
  [1m[36mOrder Load (0.2ms)[0m  [1m[34mSELECT "orders".* FROM "orders" WHERE "orders"."state" = 0 ORDER BY "orders"."created_at" ASC /*action='index',application='PizzaOrders',controller='orders'*/[0m
  ↳ app/views/orders/index.html.erb:4
  [1m[36mOrderItem Load (0.1ms)[0m  [1m[34mSELECT "order_items".* FROM "order_items" WHERE "order_items"."order_id" IN (2, 3) /*action='index',application='PizzaOrders',controller='orders'*/[0m
  ↳ app/views/orders/index.html.erb:4
  [1m[36mPizza Load (0.1ms)[0m  [1m[34mSELECT "pizzas".* FROM "pizzas" WHERE "pizzas"."id" IN (1, 3, 2) /*action='index',application='PizzaOrders',controller='orders'*/[0m
  ↳ app/views/orders/index.html.erb:4
  Rendered orders/index.html.erb within layouts/application (Duration: 26.1ms | GC: 3.4ms)
  Rendered layout layouts/application.html.erb (Duration: 30.4ms | GC: 3.4ms)
Completed 200 OK in 38ms (Views: 30.5ms | ActiveRecord: 2.6ms (3 queries, 0 cached) | GC: 3.4ms)


Started GET "/orders" for 127.0.0.1 at 2026-09-22 15:19:17 +0200
Processing by OrdersController#index as HTML
  Rendering layout layouts/application.html.erb
  Rendering orders/index.html.erb within layouts/application
  [1m[36mOrder Load (0.2ms)[0m  [1m[34mSELECT "orders".* FROM "orders" WHERE "orders"."state" = 0 ORDER BY "orders"."created_at" ASC /*action='index',application='PizzaOrders',controller='orders'*/[0m
  ↳ app/views/orders/index.html.erb:4
  [1m[36mOrderItem Load (0.2ms)[0m  [1m[34mSELECT "order_items".* FROM "order_items" WHERE "order_items"."order_id" IN (2, 3) /*action='index',application='PizzaOrders',controller='orders'*/[0m
  ↳ app/views/orders/index.html.erb:4
  [1m[36mPizza Load (0.3ms)[0m  [1m[34mSELECT "pizzas".* FROM "pizzas" WHERE "pizzas"."id" IN (1, 3, 2) /*action='index',application='PizzaOrders',controller='orders'*/[0m
  ↳ app/views/orders/index.html.erb:4
  Rendered orders/index.html.erb within layouts/application (Duration: 24.2ms | GC: 0.7ms)
  Rendered layout layouts/application.html.erb (Duration: 28.9ms | GC: 0.7ms)
Completed 200 OK in 39ms (Views: 29.0ms | ActiveRecord: 3.2ms (3 queries, 0 cached) | GC: 0.7ms)


Using vips to process variants requires the libvips library. Please install libvips using the instructions on the libvips website.
  [1m[36mActiveRecord::SchemaMigration Load (0.2ms)[0m  [1m[34mSELECT "schema_migrations"."version" FROM "schema_migrations" ORDER BY "schema_migrations"."version" ASC /*application='PizzaOrders'*/[0m
  [1m[36mActiveRecord::InternalMetadata Load (0.4ms)[0m  [1m[34mSELECT * FROM "ar_internal_metadata" WHERE "ar_internal_metadata"."key" = 'environment' ORDER BY "ar_internal_metadata"."key" ASC LIMIT 1 /*application='PizzaOrders'*/[0m
  [1m[36mActiveRecord::SchemaMigration Load (0.0ms)[0m  [1m[34mSELECT "schema_migrations"."version" FROM "schema_migrations" ORDER BY "schema_migrations"."version" ASC /*application='PizzaOrders'*/[0m
  [1m[36mActiveRecord::InternalMetadata Load (0.1ms)[0m  [1m[34mSELECT * FROM "ar_internal_metadata" WHERE "ar_internal_metadata"."key" = 'environment' ORDER BY "ar_internal_metadata"."key" ASC LIMIT 1 /*application='PizzaOrders'*/[0m
  [1m[36mActiveRecord::SchemaMigration Load (0.0ms)[0m  [1m[34mSELECT "schema_migrations"."version" FROM "schema_migrations" ORDER BY "schema_migrations"."version" ASC /*application='PizzaOrders'*/[0m
  [1m[36mActiveRecord::InternalMetadata Load (0.1ms)[0m  [1m[34mSELECT * FROM "ar_internal_metadata" WHERE "ar_internal_metadata"."key" = 'environment' ORDER BY "ar_internal_metadata"."key" ASC LIMIT 1 /*application='PizzaOrders'*/[0m
  [1m[35m (2.2ms)[0m  [1m[35mDROP TABLE IF EXISTS "order_items" /*application='PizzaOrders'*/[0m
  [1m[35m (0.7ms)[0m  [1m[35mCREATE TABLE "order_items" ("id" integer PRIMARY KEY AUTOINCREMENT NOT NULL, "created_at" datetime(6) NOT NULL, "extra_ingredients" json DEFAULT '[]' NOT NULL, "omitted_ingredients" json DEFAULT '[]' NOT NULL, "order_id" integer NOT NULL, "pizza_id" integer NOT NULL, "size" varchar NOT NULL, "updated_at" datetime(6) NOT NULL) /*application='PizzaOrders'*/[0m
  [1m[35m (0.2ms)[0m  [1m[35mCREATE INDEX "index_order_items_on_order_id" ON "order_items" ("order_id") /*application='PizzaOrders'*/[0m
  [1m[35m (0.3ms)[0m  [1m[35mCREATE INDEX "index_order_items_on_pizza_id" ON "order_items" ("pizza_id") /*application='PizzaOrders'*/[0m
  [1m[35m (0.1ms)[0m  [1m[35mDROP TABLE IF EXISTS "orders" /*application='PizzaOrders'*/[0m
  [1m[35m (0.1ms)[0m  [1m[35mCREATE TABLE "orders" ("id" integer PRIMARY KEY AUTOINCREMENT NOT NULL, "created_at" datetime(6) NOT NULL, "discount_code" varchar, "promotion_codes" json DEFAULT '[]' NOT NULL, "source_id" varchar, "state" integer DEFAULT 0 NOT NULL, "updated_at" datetime(6) NOT NULL) /*application='PizzaOrders'*/[0m
  [1m[35m (0.3ms)[0m  [1m[35mCREATE UNIQUE INDEX "index_orders_on_source_id" ON "orders" ("source_id") /*application='PizzaOrders'*/[0m
  [1m[35m (0.0ms)[0m  [1m[35mDROP TABLE IF EXISTS "pizzas" /*application='PizzaOrders'*/[0m
  [1m[35m (0.1ms)[0m  [1m[35mCREATE TABLE "pizzas" ("id" integer PRIMARY KEY AUTOINCREMENT NOT NULL, "base_price" decimal, "created_at" datetime(6) NOT NULL, "name" varchar, "updated_at" datetime(6) NOT NULL) /*application='PizzaOrders'*/[0m
  [1m[35m (0.0ms)[0m  [1m[35mPRAGMA foreign_keys /*application='PizzaOrders'*/[0m
  [1m[35m (0.0ms)[0m  [1m[35mPRAGMA defer_foreign_keys /*application='PizzaOrders'*/[0m
  [1m[35m (0.0ms)[0m  [1m[35mPRAGMA defer_foreign_keys = ON /*application='PizzaOrders'*/[0m
  [1m[35m (0.0ms)[0m  [1m[35mPRAGMA foreign_keys = OFF /*application='PizzaOrders'*/[0m
  [1m[36mTRANSACTION (0.0ms)[0m  [1m[35mBEGIN immediate TRANSACTION /*application='PizzaOrders'*/[0m
  [1m[35m (0.1ms)[0m  [1m[35mCREATE TEMPORARY TABLE "aorder_items" ("id" integer PRIMARY KEY AUTOINCREMENT NOT NULL, "created_at" datetime(6) NOT NULL, "extra_ingredients" json DEFAULT '[]' NOT NULL, "omitted_ingredients" json DEFAULT '[]' NOT NULL, "order_id" integer NOT NULL, "pizza_id" integer NOT NULL, "size" varchar NOT NULL, "updated_at" datetime(6) NOT NULL) /*application='PizzaOrders'*/[0m
  [1m[35m (0.1ms)[0m  [1m[35mCREATE INDEX "tindex_aorder_items_on_pizza_id" ON "aorder_items" ("pizza_id") /*application='PizzaOrders'*/[0m
  [1m[35m (0.2ms)[0m  [1m[35mCREATE INDEX "tindex_aorder_items_on_order_id" ON "aorder_items" ("order_id") /*application='PizzaOrders'*/[0m
  [1m[35mSQL (0.1ms)[0m  [1m[32mINSERT INTO "aorder_items" ("id","created_at","extra_ingredients","omitted_ingredients","order_id","pizza_id","size","updated_at")
                     SELECT "id","created_at","extra_ingredients","omitted_ingredients","order_id","pizza_id","size","updated_at" FROM "order_items" /*application='PizzaOrders'*/[0m
  [1m[35m (0.2ms)[0m  [1m[35mDROP TABLE "order_items" /*application='PizzaOrders'*/[0m
  [1m[35m (0.1ms)[0m  [1m[35mCREATE TABLE "order_items" ("id" integer PRIMARY KEY AUTOINCREMENT NOT NULL, "created_at" datetime(6) NOT NULL, "extra_ingredients" json DEFAULT '[]' NOT NULL, "omitted_ingredients" json DEFAULT '[]' NOT NULL, "order_id" integer NOT NULL, "pizza_id" integer NOT NULL, "size" varchar NOT NULL, "updated_at" datetime(6) NOT NULL, CONSTRAINT "fk_rails_e3cb28f071"
FOREIGN KEY ("order_id")
  REFERENCES "orders" ("id")
) /*application='PizzaOrders'*/[0m
  [1m[35m (0.1ms)[0m  [1m[35mCREATE INDEX "index_order_items_on_order_id" ON "order_items" ("order_id") /*application='PizzaOrders'*/[0m
  [1m[35m (0.1ms)[0m  [1m[35mCREATE INDEX "index_order_items_on_pizza_id" ON "order_items" ("pizza_id") /*application='PizzaOrders'*/[0m
  [1m[35mSQL (0.1ms)[0m  [1m[32mINSERT INTO "order_items" ("id","created_at","extra_ingredients","omitted_ingredients","order_id","pizza_id","size","updated_at")
                     SELECT "id","created_at","extra_ingredients","omitted_ingredients","order_id","pizza_id","size","updated_at" FROM "aorder_items" /*application='PizzaOrders'*/[0m
  [1m[35m (0.2ms)[0m  [1m[35mDROP TABLE "aorder_items" /*application='PizzaOrders'*/[0m
  [1m[36mTRANSACTION (0.1ms)[0m  [1m[35mCOMMIT TRANSACTION /*application='PizzaOrders'*/[0m
  [1m[35m (0.0ms)[0m  [1m[35mPRAGMA defer_foreign_keys = 0 /*application='PizzaOrders'*/[0m
  [1m[35m (0.0ms)[0m  [1m[35mPRAGMA foreign_keys = 1 /*application='PizzaOrders'*/[0m
  [1m[35m (0.0ms)[0m  [1m[35mPRAGMA foreign_keys /*application='PizzaOrders'*/[0m
  [1m[35m (0.0ms)[0m  [1m[35mPRAGMA defer_foreign_keys /*application='PizzaOrders'*/[0m
  [1m[35m (0.0ms)[0m  [1m[35mPRAGMA defer_foreign_keys = ON /*application='PizzaOrders'*/[0m
  [1m[35m (0.0ms)[0m  [1m[35mPRAGMA foreign_keys = OFF /*application='PizzaOrders'*/[0m
  [1m[36mTRANSACTION (0.0ms)[0m  [1m[35mBEGIN immediate TRANSACTION /*application='PizzaOrders'*/[0m
  [1m[35m (0.1ms)[0m  [1m[35mCREATE TEMPORARY TABLE "aorder_items" ("id" integer PRIMARY KEY AUTOINCREMENT NOT NULL, "created_at" datetime(6) NOT NULL, "extra_ingredients" json DEFAULT '[]' NOT NULL, "omitted_ingredients" json DEFAULT '[]' NOT NULL, "order_id" integer NOT NULL, "pizza_id" integer NOT NULL, "size" varchar NOT NULL, "updated_at" datetime(6) NOT NULL) /*application='PizzaOrders'*/[0m
  [1m[35m (0.1ms)[0m  [1m[35mCREATE INDEX "tindex_aorder_items_on_pizza_id" ON "aorder_items" ("pizza_id") /*application='PizzaOrders'*/[0m
  [1m[35m (0.1ms)[0m  [1m[35mCREATE INDEX "tindex_aorder_items_on_order_id" ON "aorder_items" ("order_id") /*application='PizzaOrders'*/[0m
  [1m[35mSQL (0.0ms)[0m  [1m[32mINSERT INTO "aorder_items" ("id","created_at","extra_ingredients","omitted_ingredients","order_id","pizza_id","size","updated_at")
                     SELECT "id","created_at","extra_ingredients","omitted_ingredients","order_id","pizza_id","size","updated_at" FROM "order_items" /*application='PizzaOrders'*/[0m
  [1m[35m (0.2ms)[0m  [1m[35mDROP TABLE "order_items" /*application='PizzaOrders'*/[0m
  [1m[35m (0.1ms)[0m  [1m[35mCREATE TABLE "order_items" ("id" integer PRIMARY KEY AUTOINCREMENT NOT NULL, "created_at" datetime(6) NOT NULL, "extra_ingredients" json DEFAULT '[]' NOT NULL, "omitted_ingredients" json DEFAULT '[]' NOT NULL, "order_id" integer NOT NULL, "pizza_id" integer NOT NULL, "size" varchar NOT NULL, "updated_at" datetime(6) NOT NULL, CONSTRAINT "fk_rails_e3cb28f071"
FOREIGN KEY ("order_id")
  REFERENCES "orders" ("id")
, CONSTRAINT "fk_rails_d28b17c368"
FOREIGN KEY ("pizza_id")
  REFERENCES "pizzas" ("id")
) /*application='PizzaOrders'*/[0m
  [1m[35m (0.1ms)[0m  [1m[35mCREATE INDEX "index_order_items_on_order_id" ON "order_items" ("order_id") /*application='PizzaOrders'*/[0m
  [1m[35m (0.1ms)[0m  [1m[35mCREATE INDEX "index_order_items_on_pizza_id" ON "order_items" ("pizza_id") /*application='PizzaOrders'*/[0m
  [1m[35mSQL (0.0ms)[0m  [1m[32mINSERT INTO "order_items" ("id","created_at","extra_ingredients","omitted_ingredients","order_id","pizza_id","size","updated_at")
                     SELECT "id","created_at","extra_ingredients","omitted_ingredients","order_id","pizza_id","size","updated_at" FROM "aorder_items" /*application='PizzaOrders'*/[0m
  [1m[35m (0.1ms)[0m  [1m[35mDROP TABLE "aorder_items" /*application='PizzaOrders'*/[0m
  [1m[36mTRANSACTION (0.1ms)[0m  [1m[35mCOMMIT TRANSACTION /*application='PizzaOrders'*/[0m
  [1m[35m (0.0ms)[0m  [1m[35mPRAGMA defer_foreign_keys = 0 /*application='PizzaOrders'*/[0m
  [1m[35m (0.0ms)[0m  [1m[35mPRAGMA foreign_keys = 1 /*application='PizzaOrders'*/[0m
  [1m[35m (0.2ms)[0m  [1m[35mCREATE TABLE "schema_migrations" ("version" varchar NOT NULL PRIMARY KEY) /*application='PizzaOrders'*/[0m
  [1m[36mActiveRecord::SchemaMigration Load (0.0ms)[0m  [1m[34mSELECT "schema_migrations"."version" FROM "schema_migrations" ORDER BY "schema_migrations"."version" ASC /*application='PizzaOrders'*/[0m
  [1m[35m (0.1ms)[0m  [1m[32mINSERT INTO "schema_migrations" (version) VALUES (20260921125106) /*application='PizzaOrders'*/[0m
  [1m[35m (0.1ms)[0m  [1m[32mINSERT INTO "schema_migrations" (version) VALUES
(20260918123304),
(20260918123302),
(20260918122909); /*application='PizzaOrders'*/[0m
  [1m[35m (0.1ms)[0m  [1m[35mCREATE TABLE "ar_internal_metadata" ("key" varchar NOT NULL PRIMARY KEY, "value" varchar, "created_at" datetime(6) NOT NULL, "updated_at" datetime(6) NOT NULL) /*application='PizzaOrders'*/[0m
  [1m[36mActiveRecord::InternalMetadata Load (0.1ms)[0m  [1m[34mSELECT * FROM "ar_internal_metadata" WHERE "ar_internal_metadata"."key" = 'environment' ORDER BY "ar_internal_metadata"."key" ASC LIMIT 1 /*application='PizzaOrders'*/[0m
  [1m[36mActiveRecord::InternalMetadata Create (0.1ms)[0m  [1m[32mINSERT INTO "ar_internal_metadata" ("key", "value", "created_at", "updated_at") VALUES ('environment', 'development', '2026-09-22 13:19:29.666743', '2026-09-22 13:19:29.666745') RETURNING "key" /*application='PizzaOrders'*/[0m
  [1m[36mActiveRecord::InternalMetadata Load (0.1ms)[0m  [1m[34mSELECT * FROM "ar_internal_metadata" WHERE "ar_internal_metadata"."key" = 'environment' ORDER BY "ar_internal_metadata"."key" ASC LIMIT 1 /*application='PizzaOrders'*/[0m
  [1m[36mActiveRecord::InternalMetadata Load (0.1ms)[0m  [1m[34mSELECT * FROM "ar_internal_metadata" WHERE "ar_internal_metadata"."key" = 'schema_sha1' ORDER BY "ar_internal_metadata"."key" ASC LIMIT 1 /*application='PizzaOrders'*/[0m
  [1m[36mActiveRecord::InternalMetadata Create (0.1ms)[0m  [1m[32mINSERT INTO "ar_internal_metadata" ("key", "value", "created_at", "updated_at") VALUES ('schema_sha1', 'fa1777d9de700026a11035182752184db4a47a71', '2026-09-22 13:19:29.671149', '2026-09-22 13:19:29.671151') RETURNING "key" /*application='PizzaOrders'*/[0m
  [1m[35m (0.7ms)[0m  [1m[35mDROP TABLE IF EXISTS "order_items" /*application='PizzaOrders'*/[0m
  [1m[35m (0.7ms)[0m  [1m[35mCREATE TABLE "order_items" ("id" integer PRIMARY KEY AUTOINCREMENT NOT NULL, "created_at" datetime(6) NOT NULL, "extra_ingredients" json DEFAULT '[]' NOT NULL, "omitted_ingredients" json DEFAULT '[]' NOT NULL, "order_id" integer NOT NULL, "pizza_id" integer NOT NULL, "size" varchar NOT NULL, "updated_at" datetime(6) NOT NULL) /*application='PizzaOrders'*/[0m
  [1m[35m (0.1ms)[0m  [1m[35mCREATE INDEX "index_order_items_on_order_id" ON "order_items" ("order_id") /*application='PizzaOrders'*/[0m
  [1m[35m (0.1ms)[0m  [1m[35mCREATE INDEX "index_order_items_on_pizza_id" ON "order_items" ("pizza_id") /*application='PizzaOrders'*/[0m
  [1m[35m (0.0ms)[0m  [1m[35mDROP TABLE IF EXISTS "orders" /*application='PizzaOrders'*/[0m
  [1m[35m (0.1ms)[0m  [1m[35mCREATE TABLE "orders" ("id" integer PRIMARY KEY AUTOINCREMENT NOT NULL, "created_at" datetime(6) NOT NULL, "discount_code" varchar, "promotion_codes" json DEFAULT '[]' NOT NULL, "source_id" varchar, "state" integer DEFAULT 0 NOT NULL, "updated_at" datetime(6) NOT NULL) /*application='PizzaOrders'*/[0m
  [1m[35m (0.1ms)[0m  [1m[35mCREATE UNIQUE INDEX "index_orders_on_source_id" ON "orders" ("source_id") /*application='PizzaOrders'*/[0m
  [1m[35m (0.0ms)[0m  [1m[35mDROP TABLE IF EXISTS "pizzas" /*application='PizzaOrders'*/[0m
  [1m[35m (0.1ms)[0m  [1m[35mCREATE TABLE "pizzas" ("id" integer PRIMARY KEY AUTOINCREMENT NOT NULL, "base_price" decimal, "created_at" datetime(6) NOT NULL, "name" varchar, "updated_at" datetime(6) NOT NULL) /*application='PizzaOrders'*/[0m
  [1m[35m (0.0ms)[0m  [1m[35mPRAGMA foreign_keys /*application='PizzaOrders'*/[0m
  [1m[35m (0.0ms)[0m  [1m[35mPRAGMA defer_foreign_keys /*application='PizzaOrders'*/[0m
  [1m[35m (0.0ms)[0m  [1m[35mPRAGMA defer_foreign_keys = ON /*application='PizzaOrders'*/[0m
  [1m[35m (0.0ms)[0m  [1m[35mPRAGMA foreign_keys = OFF /*application='PizzaOrders'*/[0m
  [1m[36mTRANSACTION (0.1ms)[0m  [1m[35mBEGIN immediate TRANSACTION /*application='PizzaOrders'*/[0m
  [1m[35m (0.1ms)[0m  [1m[35mCREATE TEMPORARY TABLE "aorder_items" ("id" integer PRIMARY KEY AUTOINCREMENT NOT NULL, "created_at" datetime(6) NOT NULL, "extra_ingredients" json DEFAULT '[]' NOT NULL, "omitted_ingredients" json DEFAULT '[]' NOT NULL, "order_id" integer NOT NULL, "pizza_id" integer NOT NULL, "size" varchar NOT NULL, "updated_at" datetime(6) NOT NULL) /*application='PizzaOrders'*/[0m
  [1m[35m (0.1ms)[0m  [1m[35mCREATE INDEX "tindex_aorder_items_on_pizza_id" ON "aorder_items" ("pizza_id") /*application='PizzaOrders'*/[0m
  [1m[35m (0.1ms)[0m  [1m[35mCREATE INDEX "tindex_aorder_items_on_order_id" ON "aorder_items" ("order_id") /*application='PizzaOrders'*/[0m
  [1m[35mSQL (0.1ms)[0m  [1m[32mINSERT INTO "aorder_items" ("id","created_at","extra_ingredients","omitted_ingredients","order_id","pizza_id","size","updated_at")
                     SELECT "id","created_at","extra_ingredients","omitted_ingredients","order_id","pizza_id","size","updated_at" FROM "order_items" /*application='PizzaOrders'*/[0m
  [1m[35m (0.2ms)[0m  [1m[35mDROP TABLE "order_items" /*application='PizzaOrders'*/[0m
  [1m[35m (0.1ms)[0m  [1m[35mCREATE TABLE "order_items" ("id" integer PRIMARY KEY AUTOINCREMENT NOT NULL, "created_at" datetime(6) NOT NULL, "extra_ingredients" json DEFAULT '[]' NOT NULL, "omitted_ingredients" json DEFAULT '[]' NOT NULL, "order_id" integer NOT NULL, "pizza_id" integer NOT NULL, "size" varchar NOT NULL, "updated_at" datetime(6) NOT NULL, CONSTRAINT "fk_rails_e3cb28f071"
FOREIGN KEY ("order_id")
  REFERENCES "orders" ("id")
) /*application='PizzaOrders'*/[0m
  [1m[35m (0.1ms)[0m  [1m[35mCREATE INDEX "index_order_items_on_order_id" ON "order_items" ("order_id") /*application='PizzaOrders'*/[0m
  [1m[35m (0.1ms)[0m  [1m[35mCREATE INDEX "index_order_items_on_pizza_id" ON "order_items" ("pizza_id") /*application='PizzaOrders'*/[0m
  [1m[35mSQL (0.0ms)[0m  [1m[32mINSERT INTO "order_items" ("id","created_at","extra_ingredients","omitted_ingredients","order_id","pizza_id","size","updated_at")
                     SELECT "id","created_at","extra_ingredients","omitted_ingredients","order_id","pizza_id","size","updated_at" FROM "aorder_items" /*application='PizzaOrders'*/[0m
  [1m[35m (0.2ms)[0m  [1m[35mDROP TABLE "aorder_items" /*application='PizzaOrders'*/[0m
  [1m[36mTRANSACTION (0.1ms)[0m  [1m[35mCOMMIT TRANSACTION /*application='PizzaOrders'*/[0m
  [1m[35m (0.0ms)[0m  [1m[35mPRAGMA defer_foreign_keys = 0 /*application='PizzaOrders'*/[0m
  [1m[35m (0.0ms)[0m  [1m[35mPRAGMA foreign_keys = 1 /*application='PizzaOrders'*/[0m
  [1m[35m (0.0ms)[0m  [1m[35mPRAGMA foreign_keys /*application='PizzaOrders'*/[0m
  [1m[35m (0.0ms)[0m  [1m[35mPRAGMA defer_foreign_keys /*application='PizzaOrders'*/[0m
  [1m[35m (0.0ms)[0m  [1m[35mPRAGMA defer_foreign_keys = ON /*application='PizzaOrders'*/[0m
  [1m[35m (0.0ms)[0m  [1m[35mPRAGMA foreign_keys = OFF /*application='PizzaOrders'*/[0m
  [1m[36mTRANSACTION (0.0ms)[0m  [1m[35mBEGIN immediate TRANSACTION /*application='PizzaOrders'*/[0m
  [1m[35m (0.1ms)[0m  [1m[35mCREATE TEMPORARY TABLE "aorder_items" ("id" integer PRIMARY KEY AUTOINCREMENT NOT NULL, "created_at" datetime(6) NOT NULL, "extra_ingredients" json DEFAULT '[]' NOT NULL, "omitted_ingredients" json DEFAULT '[]' NOT NULL, "order_id" integer NOT NULL, "pizza_id" integer NOT NULL, "size" varchar NOT NULL, "updated_at" datetime(6) NOT NULL) /*application='PizzaOrders'*/[0m
  [1m[35m (0.1ms)[0m  [1m[35mCREATE INDEX "tindex_aorder_items_on_pizza_id" ON "aorder_items" ("pizza_id") /*application='PizzaOrders'*/[0m
  [1m[35m (0.1ms)[0m  [1m[35mCREATE INDEX "tindex_aorder_items_on_order_id" ON "aorder_items" ("order_id") /*application='PizzaOrders'*/[0m
  [1m[35mSQL (0.0ms)[0m  [1m[32mINSERT INTO "aorder_items" ("id","created_at","extra_ingredients","omitted_ingredients","order_id","pizza_id","size","updated_at")
                     SELECT "id","created_at","extra_ingredients","omitted_ingredients","order_id","pizza_id","size","updated_at" FROM "order_items" /*application='PizzaOrders'*/[0m
  [1m[35m (0.1ms)[0m  [1m[35mDROP TABLE "order_items" /*application='PizzaOrders'*/[0m
  [1m[35m (0.1ms)[0m  [1m[35mCREATE TABLE "order_items" ("id" integer PRIMARY KEY AUTOINCREMENT NOT NULL, "created_at" datetime(6) NOT NULL, "extra_ingredients" json DEFAULT '[]' NOT NULL, "omitted_ingredients" json DEFAULT '[]' NOT NULL, "order_id" integer NOT NULL, "pizza_id" integer NOT NULL, "size" varchar NOT NULL, "updated_at" datetime(6) NOT NULL, CONSTRAINT "fk_rails_e3cb28f071"
FOREIGN KEY ("order_id")
  REFERENCES "orders" ("id")
, CONSTRAINT "fk_rails_d28b17c368"
FOREIGN KEY ("pizza_id")
  REFERENCES "pizzas" ("id")
) /*application='PizzaOrders'*/[0m
  [1m[35m (0.1ms)[0m  [1m[35mCREATE INDEX "index_order_items_on_order_id" ON "order_items" ("order_id") /*application='PizzaOrders'*/[0m
  [1m[35m (0.1ms)[0m  [1m[35mCREATE INDEX "index_order_items_on_pizza_id" ON "order_items" ("pizza_id") /*application='PizzaOrders'*/[0m
  [1m[35mSQL (0.1ms)[0m  [1m[32mINSERT INTO "order_items" ("id","created_at","extra_ingredients","omitted_ingredients","order_id","pizza_id","size","updated_at")
                     SELECT "id","created_at","extra_ingredients","omitted_ingredients","order_id","pizza_id","size","updated_at" FROM "aorder_items" /*application='PizzaOrders'*/[0m
  [1m[35m (0.1ms)[0m  [1m[35mDROP TABLE "aorder_items" /*application='PizzaOrders'*/[0m
  [1m[36mTRANSACTION (0.1ms)[0m  [1m[35mCOMMIT TRANSACTION /*application='PizzaOrders'*/[0m
  [1m[35m (0.0ms)[0m  [1m[35mPRAGMA defer_foreign_keys = 0 /*application='PizzaOrders'*/[0m
  [1m[35m (0.0ms)[0m  [1m[35mPRAGMA foreign_keys = 1 /*application='PizzaOrders'*/[0m
  [1m[35m (0.2ms)[0m  [1m[35mCREATE TABLE "schema_migrations" ("version" varchar NOT NULL PRIMARY KEY) /*application='PizzaOrders'*/[0m
  [1m[36mActiveRecord::SchemaMigration Load (0.0ms)[0m  [1m[34mSELECT "schema_migrations"."version" FROM "schema_migrations" ORDER BY "schema_migrations"."version" ASC /*application='PizzaOrders'*/[0m
  [1m[35m (0.1ms)[0m  [1m[32mINSERT INTO "schema_migrations" (version) VALUES (20260921125106) /*application='PizzaOrders'*/[0m
  [1m[35m (0.1ms)[0m  [1m[32mINSERT INTO "schema_migrations" (version) VALUES
(20260918123304),
(20260918123302),
(20260918122909); /*application='PizzaOrders'*/[0m
  [1m[35m (0.2ms)[0m  [1m[35mCREATE TABLE "ar_internal_metadata" ("key" varchar NOT NULL PRIMARY KEY, "value" varchar, "created_at" datetime(6) NOT NULL, "updated_at" datetime(6) NOT NULL) /*application='PizzaOrders'*/[0m
  [1m[36mActiveRecord::InternalMetadata Load (0.1ms)[0m  [1m[34mSELECT * FROM "ar_internal_metadata" WHERE "ar_internal_metadata"."key" = 'environment' ORDER BY "ar_internal_metadata"."key" ASC LIMIT 1 /*application='PizzaOrders'*/[0m
  [1m[36mActiveRecord::InternalMetadata Create (0.1ms)[0m  [1m[32mINSERT INTO "ar_internal_metadata" ("key", "value", "created_at", "updated_at") VALUES ('environment', 'development', '2026-09-22 13:19:29.735891', '2026-09-22 13:19:29.735893') RETURNING "key" /*application='PizzaOrders'*/[0m
  [1m[36mActiveRecord::InternalMetadata Load (0.1ms)[0m  [1m[34mSELECT * FROM "ar_internal_metadata" WHERE "ar_internal_metadata"."key" = 'environment' ORDER BY "ar_internal_metadata"."key" ASC LIMIT 1 /*application='PizzaOrders'*/[0m
  [1m[36mActiveRecord::InternalMetadata Update (0.1ms)[0m  [1m[33mUPDATE "ar_internal_metadata" SET "value" = 'test', "updated_at" = '2026-09-22 13:19:29.737643' WHERE "ar_internal_metadata"."key" = 'environment' /*application='PizzaOrders'*/[0m
  [1m[36mActiveRecord::InternalMetadata Load (0.1ms)[0m  [1m[34mSELECT * FROM "ar_internal_metadata" WHERE "ar_internal_metadata"."key" = 'schema_sha1' ORDER BY "ar_internal_metadata"."key" ASC LIMIT 1 /*application='PizzaOrders'*/[0m
  [1m[36mActiveRecord::InternalMetadata Create (0.2ms)[0m  [1m[32mINSERT INTO "ar_internal_metadata" ("key", "value", "created_at", "updated_at") VALUES ('schema_sha1', 'fa1777d9de700026a11035182752184db4a47a71', '2026-09-22 13:19:29.739063', '2026-09-22 13:19:29.739064') RETURNING "key" /*application='PizzaOrders'*/[0m
  [1m[36mActiveRecord::SchemaMigration Load (0.1ms)[0m  [1m[34mSELECT "schema_migrations"."version" FROM "schema_migrations" ORDER BY "schema_migrations"."version" ASC /*application='PizzaOrders'*/[0m
  [1m[36mPizza Load (0.1ms)[0m  [1m[34mSELECT "pizzas".* FROM "pizzas" WHERE "pizzas"."name" = 'Margherita' LIMIT 1 /*application='PizzaOrders'*/[0m
  [1m[36mTRANSACTION (0.0ms)[0m  [1m[35mBEGIN immediate TRANSACTION /*application='PizzaOrders'*/[0m
  [1m[36mPizza Exists? (0.0ms)[0m  [1m[34mSELECT 1 AS one FROM "pizzas" WHERE "pizzas"."name" = 'Margherita' LIMIT 1 /*application='PizzaOrders'*/[0m
  [1m[36mPizza Create (0.2ms)[0m  [1m[32mINSERT INTO "pizzas" ("base_price", "created_at", "name", "updated_at") VALUES (5.0, '2026-09-22 13:19:29.777559', 'Margherita', '2026-09-22 13:19:29.777559') RETURNING "id" /*application='PizzaOrders'*/[0m
  [1m[36mTRANSACTION (0.4ms)[0m  [1m[35mCOMMIT TRANSACTION /*application='PizzaOrders'*/[0m
  [1m[36mPizza Load (0.1ms)[0m  [1m[34mSELECT "pizzas".* FROM "pizzas" WHERE "pizzas"."name" = 'Salami' LIMIT 1 /*application='PizzaOrders'*/[0m
  [1m[36mTRANSACTION (0.0ms)[0m  [1m[35mBEGIN immediate TRANSACTION /*application='PizzaOrders'*/[0m
  [1m[36mPizza Exists? (1.2ms)[0m  [1m[34mSELECT 1 AS one FROM "pizzas" WHERE "pizzas"."name" = 'Salami' LIMIT 1 /*application='PizzaOrders'*/[0m
  [1m[36mPizza Create (0.1ms)[0m  [1m[32mINSERT INTO "pizzas" ("base_price", "created_at", "name", "updated_at") VALUES (6.0, '2026-09-22 13:19:29.784051', 'Salami', '2026-09-22 13:19:29.784051') RETURNING "id" /*application='PizzaOrders'*/[0m
  [1m[36mTRANSACTION (0.1ms)[0m  [1m[35mCOMMIT TRANSACTION /*application='PizzaOrders'*/[0m
  [1m[36mPizza Load (0.1ms)[0m  [1m[34mSELECT "pizzas".* FROM "pizzas" WHERE "pizzas"."name" = 'Tonno' LIMIT 1 /*application='PizzaOrders'*/[0m
  [1m[36mTRANSACTION (0.0ms)[0m  [1m[35mBEGIN immediate TRANSACTION /*application='PizzaOrders'*/[0m
  [1m[36mPizza Exists? (1.1ms)[0m  [1m[34mSELECT 1 AS one FROM "pizzas" WHERE "pizzas"."name" = 'Tonno' LIMIT 1 /*application='PizzaOrders'*/[0m
  [1m[36mPizza Create (0.1ms)[0m  [1m[32mINSERT INTO "pizzas" ("base_price", "created_at", "name", "updated_at") VALUES (8.0, '2026-09-22 13:19:29.789934', 'Tonno', '2026-09-22 13:19:29.789934') RETURNING "id" /*application='PizzaOrders'*/[0m
  [1m[36mTRANSACTION (0.1ms)[0m  [1m[35mCOMMIT TRANSACTION /*application='PizzaOrders'*/[0m
  [1m[36mOrder Load (0.1ms)[0m  [1m[34mSELECT "orders".* FROM "orders" WHERE "orders"."source_id" = '316c6832-e038-4599-bc32-2b0bf1b9f1c1' LIMIT 1 /*application='PizzaOrders'*/[0m
  [1m[36mTRANSACTION (0.0ms)[0m  [1m[35mBEGIN immediate TRANSACTION /*application='PizzaOrders'*/[0m
  [1m[36mOrder Exists? (1.0ms)[0m  [1m[34mSELECT 1 AS one FROM "orders" WHERE "orders"."source_id" = '316c6832-e038-4599-bc32-2b0bf1b9f1c1' LIMIT 1 /*application='PizzaOrders'*/[0m
  [1m[36mOrder Create (0.1ms)[0m  [1m[32mINSERT INTO "orders" ("created_at", "discount_code", "promotion_codes", "source_id", "state", "updated_at") VALUES ('2021-04-14 11:16:00', NULL, '[]', '316c6832-e038-4599-bc32-2b0bf1b9f1c1', 0, '2026-09-22 13:19:29.800423') RETURNING "id" /*application='PizzaOrders'*/[0m
  [1m[36mTRANSACTION (0.1ms)[0m  [1m[35mCOMMIT TRANSACTION /*application='PizzaOrders'*/[0m
  [1m[36mPizza Load (0.1ms)[0m  [1m[34mSELECT "pizzas".* FROM "pizzas" WHERE "pizzas"."name" = 'Tonno' LIMIT 1 /*application='PizzaOrders'*/[0m
  [1m[36mTRANSACTION (0.1ms)[0m  [1m[35mBEGIN immediate TRANSACTION /*application='PizzaOrders'*/[0m
  [1m[36mOrderItem Create (1.3ms)[0m  [1m[32mINSERT INTO "order_items" ("created_at", "extra_ingredients", "omitted_ingredients", "order_id", "pizza_id", "size", "updated_at") VALUES ('2026-09-22 13:19:29.824519', '[]', '[]', 1, 3, 'Large', '2026-09-22 13:19:29.824519') RETURNING "id" /*application='PizzaOrders'*/[0m
  [1m[36mTRANSACTION (0.2ms)[0m  [1m[35mCOMMIT TRANSACTION /*application='PizzaOrders'*/[0m
  [1m[36mOrder Load (0.1ms)[0m  [1m[34mSELECT "orders".* FROM "orders" WHERE "orders"."source_id" = 'f40d59d0-48bd-409a-ac7b-54a1b47f6680' LIMIT 1 /*application='PizzaOrders'*/[0m
  [1m[36mTRANSACTION (0.0ms)[0m  [1m[35mBEGIN immediate TRANSACTION /*application='PizzaOrders'*/[0m
  [1m[36mOrder Exists? (1.7ms)[0m  [1m[34mSELECT 1 AS one FROM "orders" WHERE "orders"."source_id" = 'f40d59d0-48bd-409a-ac7b-54a1b47f6680' LIMIT 1 /*application='PizzaOrders'*/[0m
  [1m[36mOrder Create (0.1ms)[0m  [1m[32mINSERT INTO "orders" ("created_at", "discount_code", "promotion_codes", "source_id", "state", "updated_at") VALUES ('2021-04-14 13:17:25', NULL, '[]', 'f40d59d0-48bd-409a-ac7b-54a1b47f6680', 0, '2026-09-22 13:19:29.832177') RETURNING "id" /*application='PizzaOrders'*/[0m
  [1m[36mTRANSACTION (0.1ms)[0m  [1m[35mCOMMIT TRANSACTION /*application='PizzaOrders'*/[0m
  [1m[36mPizza Load (0.1ms)[0m  [1m[34mSELECT "pizzas".* FROM "pizzas" WHERE "pizzas"."name" = 'Margherita' LIMIT 1 /*application='PizzaOrders'*/[0m
  [1m[36mTRANSACTION (0.0ms)[0m  [1m[35mBEGIN immediate TRANSACTION /*application='PizzaOrders'*/[0m
  [1m[36mOrderItem Create (1.1ms)[0m  [1m[32mINSERT INTO "order_items" ("created_at", "extra_ingredients", "omitted_ingredients", "order_id", "pizza_id", "size", "updated_at") VALUES ('2026-09-22 13:19:29.835591', '["Onions","Cheese","Olives"]', '[]', 2, 1, 'Large', '2026-09-22 13:19:29.835591') RETURNING "id" /*application='PizzaOrders'*/[0m
  [1m[36mTRANSACTION (0.1ms)[0m  [1m[35mCOMMIT TRANSACTION /*application='PizzaOrders'*/[0m
  [1m[36mPizza Load (0.1ms)[0m  [1m[34mSELECT "pizzas".* FROM "pizzas" WHERE "pizzas"."name" = 'Tonno' LIMIT 1 /*application='PizzaOrders'*/[0m
  [1m[36mTRANSACTION (0.0ms)[0m  [1m[35mBEGIN immediate TRANSACTION /*application='PizzaOrders'*/[0m
  [1m[36mOrderItem Create (1.4ms)[0m  [1m[32mINSERT INTO "order_items" ("created_at", "extra_ingredients", "omitted_ingredients", "order_id", "pizza_id", "size", "updated_at") VALUES ('2026-09-22 13:19:29.840140', '[]', '["Onions","Olives"]', 2, 3, 'Medium', '2026-09-22 13:19:29.840140') RETURNING "id" /*application='PizzaOrders'*/[0m
  [1m[36mTRANSACTION (0.1ms)[0m  [1m[35mCOMMIT TRANSACTION /*application='PizzaOrders'*/[0m
  [1m[36mPizza Load (0.1ms)[0m  [1m[34mSELECT "pizzas".* FROM "pizzas" WHERE "pizzas"."name" = 'Margherita' LIMIT 1 /*application='PizzaOrders'*/[0m
  [1m[36mTRANSACTION (0.0ms)[0m  [1m[35mBEGIN immediate TRANSACTION /*application='PizzaOrders'*/[0m
  [1m[36mOrderItem Create (1.5ms)[0m  [1m[32mINSERT INTO "order_items" ("created_at", "extra_ingredients", "omitted_ingredients", "order_id", "pizza_id", "size", "updated_at") VALUES ('2026-09-22 13:19:29.844903', '[]', '[]', 2, 1, 'Small', '2026-09-22 13:19:29.844903') RETURNING "id" /*application='PizzaOrders'*/[0m
  [1m[36mTRANSACTION (0.1ms)[0m  [1m[35mCOMMIT TRANSACTION /*application='PizzaOrders'*/[0m
  [1m[36mOrder Load (0.1ms)[0m  [1m[34mSELECT "orders".* FROM "orders" WHERE "orders"."source_id" = '9232679d-e3fd-40bd-81f4-7114ea96e420' LIMIT 1 /*application='PizzaOrders'*/[0m
  [1m[36mTRANSACTION (0.0ms)[0m  [1m[35mBEGIN immediate TRANSACTION /*application='PizzaOrders'*/[0m
  [1m[36mOrder Exists? (1.0ms)[0m  [1m[34mSELECT 1 AS one FROM "orders" WHERE "orders"."source_id" = '9232679d-e3fd-40bd-81f4-7114ea96e420' LIMIT 1 /*application='PizzaOrders'*/[0m
  [1m[36mOrder Create (0.1ms)[0m  [1m[32mINSERT INTO "orders" ("created_at", "discount_code", "promotion_codes", "source_id", "state", "updated_at") VALUES ('2021-04-14 14:08:47', 'SAVE5', '["2FOR1"]', '9232679d-e3fd-40bd-81f4-7114ea96e420', 0, '2026-09-22 13:19:29.851412') RETURNING "id" /*application='PizzaOrders'*/[0m
  [1m[36mTRANSACTION (0.1ms)[0m  [1m[35mCOMMIT TRANSACTION /*application='PizzaOrders'*/[0m
  [1m[36mPizza Load (0.1ms)[0m  [1m[34mSELECT "pizzas".* FROM "pizzas" WHERE "pizzas"."name" = 'Salami' LIMIT 1 /*application='PizzaOrders'*/[0m
  [1m[36mTRANSACTION (0.0ms)[0m  [1m[35mBEGIN immediate TRANSACTION /*application='PizzaOrders'*/[0m
  [1m[36mOrderItem Create (1.1ms)[0m  [1m[32mINSERT INTO "order_items" ("created_at", "extra_ingredients", "omitted_ingredients", "order_id", "pizza_id", "size", "updated_at") VALUES ('2026-09-22 13:19:29.854591', '["Onions"]', '["Cheese"]', 3, 2, 'Medium', '2026-09-22 13:19:29.854591') RETURNING "id" /*application='PizzaOrders'*/[0m
  [1m[36mTRANSACTION (0.1ms)[0m  [1m[35mCOMMIT TRANSACTION /*application='PizzaOrders'*/[0m
  [1m[36mPizza Load (0.1ms)[0m  [1m[34mSELECT "pizzas".* FROM "pizzas" WHERE "pizzas"."name" = 'Salami' LIMIT 1 /*application='PizzaOrders'*/[0m
  [1m[36mTRANSACTION (0.0ms)[0m  [1m[35mBEGIN immediate TRANSACTION /*application='PizzaOrders'*/[0m
  [1m[36mOrderItem Create (1.1ms)[0m  [1m[32mINSERT INTO "order_items" ("created_at", "extra_ingredients", "omitted_ingredients", "order_id", "pizza_id", "size", "updated_at") VALUES ('2026-09-22 13:19:29.858713', '[]', '[]', 3, 2, 'Small', '2026-09-22 13:19:29.858713') RETURNING "id" /*application='PizzaOrders'*/[0m
  [1m[36mTRANSACTION (0.1ms)[0m  [1m[35mCOMMIT TRANSACTION /*application='PizzaOrders'*/[0m
  [1m[36mPizza Load (0.1ms)[0m  [1m[34mSELECT "pizzas".* FROM "pizzas" WHERE "pizzas"."name" = 'Salami' LIMIT 1 /*application='PizzaOrders'*/[0m
  [1m[36mTRANSACTION (0.0ms)[0m  [1m[35mBEGIN immediate TRANSACTION /*application='PizzaOrders'*/[0m
  [1m[36mOrderItem Create (1.1ms)[0m  [1m[32mINSERT INTO "order_items" ("created_at", "extra_ingredients", "omitted_ingredients", "order_id", "pizza_id", "size", "updated_at") VALUES ('2026-09-22 13:19:29.866043', '[]', '[]', 3, 2, 'Small', '2026-09-22 13:19:29.866043') RETURNING "id" /*application='PizzaOrders'*/[0m
  [1m[36mTRANSACTION (0.1ms)[0m  [1m[35mCOMMIT TRANSACTION /*application='PizzaOrders'*/[0m
  [1m[36mPizza Load (0.1ms)[0m  [1m[34mSELECT "pizzas".* FROM "pizzas" WHERE "pizzas"."name" = 'Salami' LIMIT 1 /*application='PizzaOrders'*/[0m
  [1m[36mTRANSACTION (0.0ms)[0m  [1m[35mBEGIN immediate TRANSACTION /*application='PizzaOrders'*/[0m
  [1m[36mOrderItem Create (1.7ms)[0m  [1m[32mINSERT INTO "order_items" ("created_at", "extra_ingredients", "omitted_ingredients", "order_id", "pizza_id", "size", "updated_at") VALUES ('2026-09-22 13:19:29.870072', '[]', '[]', 3, 2, 'Small', '2026-09-22 13:19:29.870072') RETURNING "id" /*application='PizzaOrders'*/[0m
  [1m[36mTRANSACTION (0.1ms)[0m  [1m[35mCOMMIT TRANSACTION /*application='PizzaOrders'*/[0m
  [1m[36mPizza Load (0.1ms)[0m  [1m[34mSELECT "pizzas".* FROM "pizzas" WHERE "pizzas"."name" = 'Salami' LIMIT 1 /*application='PizzaOrders'*/[0m
  [1m[36mTRANSACTION (0.0ms)[0m  [1m[35mBEGIN immediate TRANSACTION /*application='PizzaOrders'*/[0m
  [1m[36mOrderItem Create (1.1ms)[0m  [1m[32mINSERT INTO "order_items" ("created_at", "extra_ingredients", "omitted_ingredients", "order_id", "pizza_id", "size", "updated_at") VALUES ('2026-09-22 13:19:29.874653', '["Olives"]', '[]', 3, 2, 'Small', '2026-09-22 13:19:29.874653') RETURNING "id" /*application='PizzaOrders'*/[0m
  [1m[36mTRANSACTION (0.1ms)[0m  [1m[35mCOMMIT TRANSACTION /*application='PizzaOrders'*/[0m
Started GET "/orders" for 127.0.0.1 at 2026-09-22 15:19:31 +0200
Processing by OrdersController#index as HTML
  Rendering layout layouts/application.html.erb
  Rendering orders/index.html.erb within layouts/application
  [1m[36mOrder Load (0.1ms)[0m  [1m[34mSELECT "orders".* FROM "orders" WHERE "orders"."state" = 0 ORDER BY "orders"."created_at" ASC /*action='index',application='PizzaOrders',controller='orders'*/[0m
  ↳ app/views/orders/index.html.erb:4
  [1m[36mOrderItem Load (0.1ms)[0m  [1m[34mSELECT "order_items".* FROM "order_items" WHERE "order_items"."order_id" IN (2, 3) /*action='index',application='PizzaOrders',controller='orders'*/[0m
  ↳ app/views/orders/index.html.erb:4
  [1m[36mPizza Load (0.1ms)[0m  [1m[34mSELECT "pizzas".* FROM "pizzas" WHERE "pizzas"."id" IN (1, 3, 2) /*action='index',application='PizzaOrders',controller='orders'*/[0m
  ↳ app/views/orders/index.html.erb:4
  Rendered orders/index.html.erb within layouts/application (Duration: 5.3ms | GC: 0.0ms)
  Rendered layout layouts/application.html.erb (Duration: 5.9ms | GC: 0.0ms)
Completed 200 OK in 8ms (Views: 5.9ms | ActiveRecord: 0.4ms (3 queries, 0 cached) | GC: 0.0ms)


Started GET "/orders" for 127.0.0.1 at 2026-09-22 15:19:33 +0200
Processing by OrdersController#index as HTML
  Rendering layout layouts/application.html.erb
  Rendering orders/index.html.erb within layouts/application
  [1m[36mOrder Load (0.2ms)[0m  [1m[34mSELECT "orders".* FROM "orders" WHERE "orders"."state" = 0 ORDER BY "orders"."created_at" ASC /*action='index',application='PizzaOrders',controller='orders'*/[0m
  ↳ app/views/orders/index.html.erb:4
  [1m[36mOrderItem Load (0.1ms)[0m  [1m[34mSELECT "order_items".* FROM "order_items" WHERE "order_items"."order_id" IN (2, 3) /*action='index',application='PizzaOrders',controller='orders'*/[0m
  ↳ app/views/orders/index.html.erb:4
  [1m[36mPizza Load (0.1ms)[0m  [1m[34mSELECT "pizzas".* FROM "pizzas" WHERE "pizzas"."id" IN (1, 3, 2) /*action='index',application='PizzaOrders',controller='orders'*/[0m
  ↳ app/views/orders/index.html.erb:4
  Rendered orders/index.html.erb within layouts/application (Duration: 5.3ms | GC: 0.0ms)
  Rendered layout layouts/application.html.erb (Duration: 6.4ms | GC: 0.4ms)
Completed 200 OK in 12ms (Views: 6.5ms | ActiveRecord: 0.4ms (3 queries, 0 cached) | GC: 4.2ms)


Started GET "/orders" for 127.0.0.1 at 2026-09-22 15:19:34 +0200
Processing by OrdersController#index as HTML
  Rendering layout layouts/application.html.erb
  Rendering orders/index.html.erb within layouts/application
  [1m[36mOrder Load (0.2ms)[0m  [1m[34mSELECT "orders".* FROM "orders" WHERE "orders"."state" = 0 ORDER BY "orders"."created_at" ASC /*action='index',application='PizzaOrders',controller='orders'*/[0m
  ↳ app/views/orders/index.html.erb:4
  [1m[36mOrderItem Load (0.1ms)[0m  [1m[34mSELECT "order_items".* FROM "order_items" WHERE "order_items"."order_id" IN (2, 3) /*action='index',application='PizzaOrders',controller='orders'*/[0m
  ↳ app/views/orders/index.html.erb:4
  [1m[36mPizza Load (0.1ms)[0m  [1m[34mSELECT "pizzas".* FROM "pizzas" WHERE "pizzas"."id" IN (1, 3, 2) /*action='index',application='PizzaOrders',controller='orders'*/[0m
  ↳ app/views/orders/index.html.erb:4
  Rendered orders/index.html.erb within layouts/application (Duration: 6.0ms | GC: 0.3ms)
  Rendered layout layouts/application.html.erb (Duration: 6.8ms | GC: 0.3ms)
Completed 200 OK in 9ms (Views: 6.9ms | ActiveRecord: 0.4ms (3 queries, 0 cached) | GC: 0.3ms)


Started GET "/orders" for 127.0.0.1 at 2026-09-22 15:19:35 +0200
Processing by OrdersController#index as HTML
  Rendering layout layouts/application.html.erb
  Rendering orders/index.html.erb within layouts/application
  [1m[36mOrder Load (0.3ms)[0m  [1m[34mSELECT "orders".* FROM "orders" WHERE "orders"."state" = 0 ORDER BY "orders"."created_at" ASC /*action='index',application='PizzaOrders',controller='orders'*/[0m
  ↳ app/views/orders/index.html.erb:4
  [1m[36mOrderItem Load (0.2ms)[0m  [1m[34mSELECT "order_items".* FROM "order_items" WHERE "order_items"."order_id" IN (2, 3) /*action='index',application='PizzaOrders',controller='orders'*/[0m
  ↳ app/views/orders/index.html.erb:4
  [1m[36mPizza Load (0.1ms)[0m  [1m[34mSELECT "pizzas".* FROM "pizzas" WHERE "pizzas"."id" IN (1, 3, 2) /*action='index',application='PizzaOrders',controller='orders'*/[0m
  ↳ app/views/orders/index.html.erb:4
  Rendered orders/index.html.erb within layouts/application (Duration: 8.4ms | GC: 2.0ms)
  Rendered layout layouts/application.html.erb (Duration: 10.3ms | GC: 3.1ms)
Completed 200 OK in 13ms (Views: 10.3ms | ActiveRecord: 0.6ms (3 queries, 0 cached) | GC: 3.1ms)


Started GET "/orders" for 127.0.0.1 at 2026-09-22 15:19:36 +0200
Processing by OrdersController#index as HTML
  Rendering layout layouts/application.html.erb
  Rendering orders/index.html.erb within layouts/application
  [1m[36mOrder Load (1.4ms)[0m  [1m[34mSELECT "orders".* FROM "orders" WHERE "orders"."state" = 0 ORDER BY "orders"."created_at" ASC /*action='index',application='PizzaOrders',controller='orders'*/[0m
  ↳ app/views/orders/index.html.erb:4
  [1m[36mOrderItem Load (1.6ms)[0m  [1m[34mSELECT "order_items".* FROM "order_items" WHERE "order_items"."order_id" IN (2, 3) /*action='index',application='PizzaOrders',controller='orders'*/[0m
  ↳ app/views/orders/index.html.erb:4
  [1m[36mPizza Load (0.2ms)[0m  [1m[34mSELECT "pizzas".* FROM "pizzas" WHERE "pizzas"."id" IN (1, 3, 2) /*action='index',application='PizzaOrders',controller='orders'*/[0m
  ↳ app/views/orders/index.html.erb:4
  Rendered orders/index.html.erb within layouts/application (Duration: 23.7ms | GC: 16.8ms)
  Rendered layout layouts/application.html.erb (Duration: 25.6ms | GC: 17.9ms)
Completed 200 OK in 30ms (Views: 22.9ms | ActiveRecord: 3.2ms (3 queries, 0 cached) | GC: 20.6ms)


Started GET "/orders" for 127.0.0.1 at 2026-09-22 15:19:37 +0200
Processing by OrdersController#index as HTML
  Rendering layout layouts/application.html.erb
  Rendering orders/index.html.erb within layouts/application
  [1m[36mOrder Load (0.2ms)[0m  [1m[34mSELECT "orders".* FROM "orders" WHERE "orders"."state" = 0 ORDER BY "orders"."created_at" ASC /*action='index',application='PizzaOrders',controller='orders'*/[0m
  ↳ app/views/orders/index.html.erb:4
  [1m[36mOrderItem Load (0.1ms)[0m  [1m[34mSELECT "order_items".* FROM "order_items" WHERE "order_items"."order_id" IN (2, 3) /*action='index',application='PizzaOrders',controller='orders'*/[0m
  ↳ app/views/orders/index.html.erb:4
  [1m[36mPizza Load (0.1ms)[0m  [1m[34mSELECT "pizzas".* FROM "pizzas" WHERE "pizzas"."id" IN (1, 3, 2) /*action='index',application='PizzaOrders',controller='orders'*/[0m
  ↳ app/views/orders/index.html.erb:4
  Rendered orders/index.html.erb within layouts/application (Duration: 5.4ms | GC: 0.0ms)
  Rendered layout layouts/application.html.erb (Duration: 6.1ms | GC: 0.0ms)
Completed 200 OK in 11ms (Views: 6.1ms | ActiveRecord: 0.4ms (3 queries, 0 cached) | GC: 3.2ms)


Using vips to process variants requires the libvips library. Please install libvips using the instructions on the libvips website.
Using vips to process variants requires the libvips library. Please install libvips using the instructions on the libvips website.
Started GET "/orders" for 127.0.0.1 at 2026-09-22 15:19:53 +0200
  [1m[36mActiveRecord::SchemaMigration Load (0.2ms)[0m  [1m[34mSELECT "schema_migrations"."version" FROM "schema_migrations" ORDER BY "schema_migrations"."version" ASC /*application='PizzaOrders'*/[0m
Processing by OrdersController#index as HTML
  Rendering layout layouts/application.html.erb
  Rendering orders/index.html.erb within layouts/application
  [1m[36mOrder Load (0.2ms)[0m  [1m[34mSELECT "orders".* FROM "orders" WHERE "orders"."state" = 0 ORDER BY "orders"."created_at" ASC /*action='index',application='PizzaOrders',controller='orders'*/[0m
  ↳ app/views/orders/index.html.erb:4
  [1m[36mOrderItem Load (0.2ms)[0m  [1m[34mSELECT "order_items".* FROM "order_items" WHERE "order_items"."order_id" IN (1, 2, 3) /*action='index',application='PizzaOrders',controller='orders'*/[0m
  ↳ app/views/orders/index.html.erb:4
  [1m[36mPizza Load (0.1ms)[0m  [1m[34mSELECT "pizzas".* FROM "pizzas" WHERE "pizzas"."id" IN (3, 1, 2) /*action='index',application='PizzaOrders',controller='orders'*/[0m
  ↳ app/views/orders/index.html.erb:4
  Rendered orders/index.html.erb within layouts/application (Duration: 39.3ms | GC: 0.0ms)
  Rendered layout layouts/application.html.erb (Duration: 61.5ms | GC: 13.8ms)
Completed 200 OK in 98ms (Views: 64.1ms | ActiveRecord: 3.2ms (3 queries, 0 cached) | GC: 13.8ms)


Started GET "/orders" for 127.0.0.1 at 2026-09-22 15:20:20 +0200
Processing by OrdersController#index as HTML
  Rendering layout layouts/application.html.erb
  Rendering orders/index.html.erb within layouts/application
  [1m[36mOrder Load (0.1ms)[0m  [1m[34mSELECT "orders".* FROM "orders" WHERE "orders"."state" = 0 ORDER BY "orders"."created_at" ASC /*action='index',application='PizzaOrders',controller='orders'*/[0m
  ↳ app/views/orders/index.html.erb:4
  [1m[36mOrderItem Load (0.1ms)[0m  [1m[34mSELECT "order_items".* FROM "order_items" WHERE "order_items"."order_id" IN (1, 2, 3) /*action='index',application='PizzaOrders',controller='orders'*/[0m
  ↳ app/views/orders/index.html.erb:4
  [1m[36mPizza Load (0.1ms)[0m  [1m[34mSELECT "pizzas".* FROM "pizzas" WHERE "pizzas"."id" IN (3, 1, 2) /*action='index',application='PizzaOrders',controller='orders'*/[0m
  ↳ app/views/orders/index.html.erb:4
  Rendered orders/index.html.erb within layouts/application (Duration: 6.2ms | GC: 0.7ms)
  Rendered layout layouts/application.html.erb (Duration: 7.2ms | GC: 0.7ms)
Completed 200 OK in 9ms (Views: 7.2ms | ActiveRecord: 0.4ms (3 queries, 0 cached) | GC: 0.7ms)


Started GET "/orders" for 127.0.0.1 at 2026-09-22 15:20:27 +0200
Processing by OrdersController#index as HTML
  Rendering layout layouts/application.html.erb
  Rendering orders/index.html.erb within layouts/application
  [1m[36mOrder Load (0.2ms)[0m  [1m[34mSELECT "orders".* FROM "orders" WHERE "orders"."state" = 0 ORDER BY "orders"."created_at" ASC /*action='index',application='PizzaOrders',controller='orders'*/[0m
  ↳ app/views/orders/index.html.erb:4
  [1m[36mOrderItem Load (0.4ms)[0m  [1m[34mSELECT "order_items".* FROM "order_items" WHERE "order_items"."order_id" IN (1, 2, 3) /*action='index',application='PizzaOrders',controller='orders'*/[0m
  ↳ app/views/orders/index.html.erb:4
  [1m[36mPizza Load (0.2ms)[0m  [1m[34mSELECT "pizzas".* FROM "pizzas" WHERE "pizzas"."id" IN (3, 1, 2) /*action='index',application='PizzaOrders',controller='orders'*/[0m
  ↳ app/views/orders/index.html.erb:4
  Rendered orders/index.html.erb within layouts/application (Duration: 7.6ms | GC: 0.0ms)
  Rendered layout layouts/application.html.erb (Duration: 9.2ms | GC: 0.0ms)
Completed 200 OK in 11ms (Views: 9.1ms | ActiveRecord: 0.7ms (3 queries, 0 cached) | GC: 0.0ms)


Started GET "/orders" for 127.0.0.1 at 2026-09-22 15:23:04 +0200
Processing by OrdersController#index as HTML
  Rendering layout layouts/application.html.erb
  Rendering orders/index.html.erb within layouts/application
  [1m[36mOrder Load (0.2ms)[0m  [1m[34mSELECT "orders".* FROM "orders" WHERE "orders"."state" = 0 ORDER BY "orders"."created_at" ASC /*action='index',application='PizzaOrders',controller='orders'*/[0m
  ↳ app/views/orders/index.html.erb:8
  [1m[36mOrderItem Load (0.1ms)[0m  [1m[34mSELECT "order_items".* FROM "order_items" WHERE "order_items"."order_id" IN (1, 2, 3) /*action='index',application='PizzaOrders',controller='orders'*/[0m
  ↳ app/views/orders/index.html.erb:8
  [1m[36mPizza Load (0.3ms)[0m  [1m[34mSELECT "pizzas".* FROM "pizzas" WHERE "pizzas"."id" IN (3, 1, 2) /*action='index',application='PizzaOrders',controller='orders'*/[0m
  ↳ app/views/orders/index.html.erb:8
  Rendered orders/index.html.erb within layouts/application (Duration: 24.6ms | GC: 0.3ms)
  Rendered layout layouts/application.html.erb (Duration: 30.3ms | GC: 0.3ms)
Completed 200 OK in 39ms (Views: 30.2ms | ActiveRecord: 3.1ms (3 queries, 0 cached) | GC: 0.5ms)


Started GET "/orders" for 127.0.0.1 at 2026-09-22 15:23:17 +0200
Processing by OrdersController#index as HTML
  Rendering layout layouts/application.html.erb
  Rendering orders/index.html.erb within layouts/application
  [1m[36mOrder Load (0.3ms)[0m  [1m[34mSELECT "orders".* FROM "orders" WHERE "orders"."state" = 0 ORDER BY "orders"."created_at" ASC /*action='index',application='PizzaOrders',controller='orders'*/[0m
  ↳ app/views/orders/index.html.erb:8
  [1m[36mOrderItem Load (0.2ms)[0m  [1m[34mSELECT "order_items".* FROM "order_items" WHERE "order_items"."order_id" IN (1, 2, 3) /*action='index',application='PizzaOrders',controller='orders'*/[0m
  ↳ app/views/orders/index.html.erb:8
  [1m[36mPizza Load (0.2ms)[0m  [1m[34mSELECT "pizzas".* FROM "pizzas" WHERE "pizzas"."id" IN (3, 1, 2) /*action='index',application='PizzaOrders',controller='orders'*/[0m
  ↳ app/views/orders/index.html.erb:8
  Rendered orders/index.html.erb within layouts/application (Duration: 24.3ms | GC: 0.6ms)
  Rendered layout layouts/application.html.erb (Duration: 27.5ms | GC: 1.1ms)
Completed 200 OK in 36ms (Views: 27.7ms | ActiveRecord: 2.9ms (3 queries, 0 cached) | GC: 1.3ms)


Started GET "/orders" for 127.0.0.1 at 2026-09-22 15:23:25 +0200
Processing by OrdersController#index as HTML
  Rendering layout layouts/application.html.erb
  Rendering orders/index.html.erb within layouts/application
  [1m[36mOrder Load (0.2ms)[0m  [1m[34mSELECT "orders".* FROM "orders" WHERE "orders"."state" = 0 ORDER BY "orders"."created_at" ASC /*action='index',application='PizzaOrders',controller='orders'*/[0m
  ↳ app/views/orders/index.html.erb:8
  [1m[36mOrderItem Load (0.2ms)[0m  [1m[34mSELECT "order_items".* FROM "order_items" WHERE "order_items"."order_id" IN (1, 2, 3) /*action='index',application='PizzaOrders',controller='orders'*/[0m
  ↳ app/views/orders/index.html.erb:8
  [1m[36mPizza Load (0.1ms)[0m  [1m[34mSELECT "pizzas".* FROM "pizzas" WHERE "pizzas"."id" IN (3, 1, 2) /*action='index',application='PizzaOrders',controller='orders'*/[0m
  ↳ app/views/orders/index.html.erb:8
  Rendered orders/index.html.erb within layouts/application (Duration: 26.1ms | GC: 1.6ms)
  Rendered layout layouts/application.html.erb (Duration: 29.2ms | GC: 1.9ms)
Completed 200 OK in 48ms (Views: 29.7ms | ActiveRecord: 3.2ms (3 queries, 0 cached) | GC: 11.0ms)


Started GET "/orders" for 127.0.0.1 at 2026-09-22 15:23:31 +0200
Processing by OrdersController#index as HTML
  Rendering layout layouts/application.html.erb
  Rendering orders/index.html.erb within layouts/application
  [1m[36mOrder Load (0.2ms)[0m  [1m[34mSELECT "orders".* FROM "orders" WHERE "orders"."state" = 0 ORDER BY "orders"."created_at" ASC /*action='index',application='PizzaOrders',controller='orders'*/[0m
  ↳ app/views/orders/index.html.erb:6
  [1m[36mOrderItem Load (0.1ms)[0m  [1m[34mSELECT "order_items".* FROM "order_items" WHERE "order_items"."order_id" IN (1, 2, 3) /*action='index',application='PizzaOrders',controller='orders'*/[0m
  ↳ app/views/orders/index.html.erb:6
  [1m[36mPizza Load (0.2ms)[0m  [1m[34mSELECT "pizzas".* FROM "pizzas" WHERE "pizzas"."id" IN (3, 1, 2) /*action='index',application='PizzaOrders',controller='orders'*/[0m
  ↳ app/views/orders/index.html.erb:6
  Rendered orders/index.html.erb within layouts/application (Duration: 25.5ms | GC: 4.4ms)
  Rendered layout layouts/application.html.erb (Duration: 28.3ms | GC: 4.6ms)
Completed 200 OK in 36ms (Views: 28.9ms | ActiveRecord: 2.6ms (3 queries, 0 cached) | GC: 4.6ms)


Started GET "/orders" for 127.0.0.1 at 2026-09-22 15:23:34 +0200
Processing by OrdersController#index as HTML
  Rendering layout layouts/application.html.erb
  Rendering orders/index.html.erb within layouts/application
  [1m[36mOrder Load (0.2ms)[0m  [1m[34mSELECT "orders".* FROM "orders" WHERE "orders"."state" = 0 ORDER BY "orders"."created_at" ASC /*action='index',application='PizzaOrders',controller='orders'*/[0m
  ↳ app/views/orders/index.html.erb:6
  [1m[36mOrderItem Load (0.1ms)[0m  [1m[34mSELECT "order_items".* FROM "order_items" WHERE "order_items"."order_id" IN (1, 2, 3) /*action='index',application='PizzaOrders',controller='orders'*/[0m
  ↳ app/views/orders/index.html.erb:6
  [1m[36mPizza Load (0.2ms)[0m  [1m[34mSELECT "pizzas".* FROM "pizzas" WHERE "pizzas"."id" IN (3, 1, 2) /*action='index',application='PizzaOrders',controller='orders'*/[0m
  ↳ app/views/orders/index.html.erb:6
  Rendered orders/index.html.erb within layouts/application (Duration: 24.7ms | GC: 4.1ms)
  Rendered layout layouts/application.html.erb (Duration: 27.8ms | GC: 4.5ms)
Completed 200 OK in 36ms (Views: 28.1ms | ActiveRecord: 2.6ms (3 queries, 0 cached) | GC: 4.5ms)


Started GET "/orders" for 127.0.0.1 at 2026-09-22 15:23:53 +0200
Processing by OrdersController#index as HTML
  Rendering layout layouts/application.html.erb
  Rendering orders/index.html.erb within layouts/application
  [1m[36mOrder Load (0.1ms)[0m  [1m[34mSELECT "orders".* FROM "orders" WHERE "orders"."state" = 0 ORDER BY "orders"."created_at" ASC /*action='index',application='PizzaOrders',controller='orders'*/[0m
  ↳ app/views/orders/index.html.erb:7
  [1m[36mOrderItem Load (0.1ms)[0m  [1m[34mSELECT "order_items".* FROM "order_items" WHERE "order_items"."order_id" IN (1, 2, 3) /*action='index',application='PizzaOrders',controller='orders'*/[0m
  ↳ app/views/orders/index.html.erb:7
  [1m[36mPizza Load (0.1ms)[0m  [1m[34mSELECT "pizzas".* FROM "pizzas" WHERE "pizzas"."id" IN (3, 1, 2) /*action='index',application='PizzaOrders',controller='orders'*/[0m
  ↳ app/views/orders/index.html.erb:7
  Rendered orders/index.html.erb within layouts/application (Duration: 23.5ms | GC: 3.8ms)
  Rendered layout layouts/application.html.erb (Duration: 26.1ms | GC: 4.1ms)
Completed 200 OK in 33ms (Views: 26.5ms | ActiveRecord: 2.2ms (3 queries, 0 cached) | GC: 4.1ms)


Started PATCH "/orders/1" for 127.0.0.1 at 2026-09-22 15:24:22 +0200
Processing by OrdersController#update as TURBO_STREAM
  Parameters: {"authenticity_token"=>"[FILTERED]", "id"=>"1"}
  [1m[36mOrder Load (0.1ms)[0m  [1m[34mSELECT "orders".* FROM "orders" WHERE "orders"."id" = 1 LIMIT 1 /*action='update',application='PizzaOrders',controller='orders'*/[0m
  ↳ app/controllers/orders_controller.rb:7:in `update'
  [1m[36mTRANSACTION (0.1ms)[0m  [1m[35mBEGIN immediate TRANSACTION /*action='update',application='PizzaOrders',controller='orders'*/[0m
  ↳ app/controllers/orders_controller.rb:8:in `update'
  [1m[36mOrder Update (0.1ms)[0m  [1m[33mUPDATE "orders" SET "state" = 1, "updated_at" = '2026-09-22 13:24:22.164844' WHERE "orders"."id" = 1 /*action='update',application='PizzaOrders',controller='orders'*/[0m
  ↳ app/controllers/orders_controller.rb:8:in `update'
  [1m[36mTRANSACTION (0.4ms)[0m  [1m[35mCOMMIT TRANSACTION /*action='update',application='PizzaOrders',controller='orders'*/[0m
  ↳ app/controllers/orders_controller.rb:8:in `update'
Redirected to http://127.0.0.1:3000/orders
↳ app/controllers/orders_controller.rb:9:in `update'
Completed 302 Found in 8ms (ActiveRecord: 1.9ms (2 queries, 0 cached) | GC: 0.2ms)


Started GET "/orders" for 127.0.0.1 at 2026-09-22 15:24:22 +0200
Processing by OrdersController#index as TURBO_STREAM
  Rendering layout layouts/application.html.erb
  Rendering orders/index.html.erb within layouts/application
  [1m[36mOrder Load (0.1ms)[0m  [1m[34mSELECT "orders".* FROM "orders" WHERE "orders"."state" = 0 ORDER BY "orders"."created_at" ASC /*action='index',application='PizzaOrders',controller='orders'*/[0m
  ↳ app/views/orders/index.html.erb:7
  [1m[36mOrderItem Load (0.1ms)[0m  [1m[34mSELECT "order_items".* FROM "order_items" WHERE "order_items"."order_id" IN (2, 3) /*action='index',application='PizzaOrders',controller='orders'*/[0m
  ↳ app/views/orders/index.html.erb:7
  [1m[36mPizza Load (0.1ms)[0m  [1m[34mSELECT "pizzas".* FROM "pizzas" WHERE "pizzas"."id" IN (1, 3, 2) /*action='index',application='PizzaOrders',controller='orders'*/[0m
  ↳ app/views/orders/index.html.erb:7
  Rendered orders/index.html.erb within layouts/application (Duration: 4.7ms | GC: 0.4ms)
  Rendered layout layouts/application.html.erb (Duration: 5.6ms | GC: 0.7ms)
Completed 200 OK in 7ms (Views: 5.6ms | ActiveRecord: 0.3ms (3 queries, 0 cached) | GC: 0.7ms)


Started PATCH "/orders/2" for 127.0.0.1 at 2026-09-22 15:24:23 +0200
Processing by OrdersController#update as TURBO_STREAM
  Parameters: {"authenticity_token"=>"[FILTERED]", "id"=>"2"}
  [1m[36mOrder Load (0.1ms)[0m  [1m[34mSELECT "orders".* FROM "orders" WHERE "orders"."id" = 2 LIMIT 1 /*action='update',application='PizzaOrders',controller='orders'*/[0m
  ↳ app/controllers/orders_controller.rb:7:in `update'
  [1m[36mTRANSACTION (0.0ms)[0m  [1m[35mBEGIN immediate TRANSACTION /*action='update',application='PizzaOrders',controller='orders'*/[0m
  ↳ app/controllers/orders_controller.rb:8:in `update'
  [1m[36mOrder Update (0.7ms)[0m  [1m[33mUPDATE "orders" SET "state" = 1, "updated_at" = '2026-09-22 13:24:23.031941' WHERE "orders"."id" = 2 /*action='update',application='PizzaOrders',controller='orders'*/[0m
  ↳ app/controllers/orders_controller.rb:8:in `update'
  [1m[36mTRANSACTION (0.1ms)[0m  [1m[35mCOMMIT TRANSACTION /*action='update',application='PizzaOrders',controller='orders'*/[0m
  ↳ app/controllers/orders_controller.rb:8:in `update'
Redirected to http://127.0.0.1:3000/orders
↳ app/controllers/orders_controller.rb:9:in `update'
Completed 302 Found in 5ms (ActiveRecord: 0.9ms (2 queries, 0 cached) | GC: 0.0ms)


Started GET "/orders" for 127.0.0.1 at 2026-09-22 15:24:23 +0200
Processing by OrdersController#index as TURBO_STREAM
  Rendering layout layouts/application.html.erb
  Rendering orders/index.html.erb within layouts/application
  [1m[36mOrder Load (0.1ms)[0m  [1m[34mSELECT "orders".* FROM "orders" WHERE "orders"."state" = 0 ORDER BY "orders"."created_at" ASC /*action='index',application='PizzaOrders',controller='orders'*/[0m
  ↳ app/views/orders/index.html.erb:7
  [1m[36mOrderItem Load (0.1ms)[0m  [1m[34mSELECT "order_items".* FROM "order_items" WHERE "order_items"."order_id" = 3 /*action='index',application='PizzaOrders',controller='orders'*/[0m
  ↳ app/views/orders/index.html.erb:7
  [1m[36mPizza Load (0.1ms)[0m  [1m[34mSELECT "pizzas".* FROM "pizzas" WHERE "pizzas"."id" = 2 /*action='index',application='PizzaOrders',controller='orders'*/[0m
  ↳ app/views/orders/index.html.erb:7
  Rendered orders/index.html.erb within layouts/application (Duration: 3.5ms | GC: 0.0ms)
  Rendered layout layouts/application.html.erb (Duration: 4.1ms | GC: 0.0ms)
Completed 200 OK in 6ms (Views: 4.1ms | ActiveRecord: 0.2ms (3 queries, 0 cached) | GC: 0.0ms)


Started PATCH "/orders/3" for 127.0.0.1 at 2026-09-22 15:24:23 +0200
Processing by OrdersController#update as TURBO_STREAM
  Parameters: {"authenticity_token"=>"[FILTERED]", "id"=>"3"}
  [1m[36mOrder Load (0.1ms)[0m  [1m[34mSELECT "orders".* FROM "orders" WHERE "orders"."id" = 3 LIMIT 1 /*action='update',application='PizzaOrders',controller='orders'*/[0m
  ↳ app/controllers/orders_controller.rb:7:in `update'
  [1m[36mTRANSACTION (0.0ms)[0m  [1m[35mBEGIN immediate TRANSACTION /*action='update',application='PizzaOrders',controller='orders'*/[0m
  ↳ app/controllers/orders_controller.rb:8:in `update'
  [1m[36mOrder Update (1.1ms)[0m  [1m[33mUPDATE "orders" SET "state" = 1, "updated_at" = '2026-09-22 13:24:23.706916' WHERE "orders"."id" = 3 /*action='update',application='PizzaOrders',controller='orders'*/[0m
  ↳ app/controllers/orders_controller.rb:8:in `update'
  [1m[36mTRANSACTION (0.1ms)[0m  [1m[35mCOMMIT TRANSACTION /*action='update',application='PizzaOrders',controller='orders'*/[0m
  ↳ app/controllers/orders_controller.rb:8:in `update'
Redirected to http://127.0.0.1:3000/orders
↳ app/controllers/orders_controller.rb:9:in `update'
Completed 302 Found in 5ms (ActiveRecord: 1.3ms (2 queries, 0 cached) | GC: 0.0ms)


Started GET "/orders" for 127.0.0.1 at 2026-09-22 15:24:23 +0200
Processing by OrdersController#index as TURBO_STREAM
  Rendering layout layouts/application.html.erb
  Rendering orders/index.html.erb within layouts/application
  [1m[36mOrder Load (0.1ms)[0m  [1m[34mSELECT "orders".* FROM "orders" WHERE "orders"."state" = 0 ORDER BY "orders"."created_at" ASC /*action='index',application='PizzaOrders',controller='orders'*/[0m
  ↳ app/views/orders/index.html.erb:7
  Rendered orders/index.html.erb within layouts/application (Duration: 1.1ms | GC: 0.0ms)
  Rendered layout layouts/application.html.erb (Duration: 2.2ms | GC: 0.0ms)
Completed 200 OK in 9ms (Views: 7.9ms | ActiveRecord: 0.1ms (1 query, 0 cached) | GC: 5.5ms)


Started GET "/orders" for 127.0.0.1 at 2026-09-22 15:24:25 +0200
Processing by OrdersController#index as HTML
  Rendering layout layouts/application.html.erb
  Rendering orders/index.html.erb within layouts/application
  [1m[36mOrder Load (0.3ms)[0m  [1m[34mSELECT "orders".* FROM "orders" WHERE "orders"."state" = 0 ORDER BY "orders"."created_at" ASC /*action='index',application='PizzaOrders',controller='orders'*/[0m
  ↳ app/views/orders/index.html.erb:7
  Rendered orders/index.html.erb within layouts/application (Duration: 2.0ms | GC: 0.0ms)
  Rendered layout layouts/application.html.erb (Duration: 3.4ms | GC: 0.0ms)
Completed 200 OK in 5ms (Views: 3.6ms | ActiveRecord: 0.2ms (1 query, 0 cached) | GC: 0.0ms)


Started GET "/orders" for 127.0.0.1 at 2026-09-22 15:24:53 +0200
Processing by OrdersController#index as HTML
  Rendering layout layouts/application.html.erb
  Rendering orders/index.html.erb within layouts/application
  [1m[36mOrder Load (0.2ms)[0m  [1m[34mSELECT "orders".* FROM "orders" WHERE "orders"."state" = 0 ORDER BY "orders"."created_at" ASC /*action='index',application='PizzaOrders',controller='orders'*/[0m
  ↳ app/views/orders/index.html.erb:7
  Rendered orders/index.html.erb within layouts/application (Duration: 1.3ms | GC: 0.0ms)
  Rendered layout layouts/application.html.erb (Duration: 2.3ms | GC: 0.0ms)
Completed 200 OK in 5ms (Views: 2.7ms | ActiveRecord: 0.2ms (1 query, 0 cached) | GC: 0.0ms)


Using vips to process variants requires the libvips library. Please install libvips using the instructions on the libvips website.
  [1m[36mActiveRecord::SchemaMigration Load (0.1ms)[0m  [1m[34mSELECT "schema_migrations"."version" FROM "schema_migrations" ORDER BY "schema_migrations"."version" ASC /*application='PizzaOrders'*/[0m
  [1m[36mActiveRecord::InternalMetadata Load (0.1ms)[0m  [1m[34mSELECT * FROM "ar_internal_metadata" WHERE "ar_internal_metadata"."key" = 'environment' ORDER BY "ar_internal_metadata"."key" ASC LIMIT 1 /*application='PizzaOrders'*/[0m
  [1m[36mActiveRecord::SchemaMigration Load (0.1ms)[0m  [1m[34mSELECT "schema_migrations"."version" FROM "schema_migrations" ORDER BY "schema_migrations"."version" ASC /*application='PizzaOrders'*/[0m
  [1m[36mActiveRecord::InternalMetadata Load (0.1ms)[0m  [1m[34mSELECT * FROM "ar_internal_metadata" WHERE "ar_internal_metadata"."key" = 'environment' ORDER BY "ar_internal_metadata"."key" ASC LIMIT 1 /*application='PizzaOrders'*/[0m
  [1m[36mActiveRecord::SchemaMigration Load (0.0ms)[0m  [1m[34mSELECT "schema_migrations"."version" FROM "schema_migrations" ORDER BY "schema_migrations"."version" ASC /*application='PizzaOrders'*/[0m
  [1m[36mActiveRecord::InternalMetadata Load (0.1ms)[0m  [1m[34mSELECT * FROM "ar_internal_metadata" WHERE "ar_internal_metadata"."key" = 'environment' ORDER BY "ar_internal_metadata"."key" ASC LIMIT 1 /*application='PizzaOrders'*/[0m
  [1m[35m (2.0ms)[0m  [1m[35mDROP TABLE IF EXISTS "order_items" /*application='PizzaOrders'*/[0m
  [1m[35m (0.7ms)[0m  [1m[35mCREATE TABLE "order_items" ("id" integer PRIMARY KEY AUTOINCREMENT NOT NULL, "created_at" datetime(6) NOT NULL, "extra_ingredients" json DEFAULT '[]' NOT NULL, "omitted_ingredients" json DEFAULT '[]' NOT NULL, "order_id" integer NOT NULL, "pizza_id" integer NOT NULL, "size" varchar NOT NULL, "updated_at" datetime(6) NOT NULL) /*application='PizzaOrders'*/[0m
  [1m[35m (0.2ms)[0m  [1m[35mCREATE INDEX "index_order_items_on_order_id" ON "order_items" ("order_id") /*application='PizzaOrders'*/[0m
  [1m[35m (0.2ms)[0m  [1m[35mCREATE INDEX "index_order_items_on_pizza_id" ON "order_items" ("pizza_id") /*application='PizzaOrders'*/[0m
  [1m[35m (0.0ms)[0m  [1m[35mDROP TABLE IF EXISTS "orders" /*application='PizzaOrders'*/[0m
  [1m[35m (0.2ms)[0m  [1m[35mCREATE TABLE "orders" ("id" integer PRIMARY KEY AUTOINCREMENT NOT NULL, "created_at" datetime(6) NOT NULL, "discount_code" varchar, "promotion_codes" json DEFAULT '[]' NOT NULL, "source_id" varchar, "state" integer DEFAULT 0 NOT NULL, "updated_at" datetime(6) NOT NULL) /*application='PizzaOrders'*/[0m
  [1m[35m (0.1ms)[0m  [1m[35mCREATE UNIQUE INDEX "index_orders_on_source_id" ON "orders" ("source_id") /*application='PizzaOrders'*/[0m
  [1m[35m (0.0ms)[0m  [1m[35mDROP TABLE IF EXISTS "pizzas" /*application='PizzaOrders'*/[0m
  [1m[35m (0.1ms)[0m  [1m[35mCREATE TABLE "pizzas" ("id" integer PRIMARY KEY AUTOINCREMENT NOT NULL, "base_price" decimal, "created_at" datetime(6) NOT NULL, "name" varchar, "updated_at" datetime(6) NOT NULL) /*application='PizzaOrders'*/[0m
  [1m[35m (0.0ms)[0m  [1m[35mPRAGMA foreign_keys /*application='PizzaOrders'*/[0m
  [1m[35m (0.0ms)[0m  [1m[35mPRAGMA defer_foreign_keys /*application='PizzaOrders'*/[0m
  [1m[35m (0.0ms)[0m  [1m[35mPRAGMA defer_foreign_keys = ON /*application='PizzaOrders'*/[0m
  [1m[35m (0.0ms)[0m  [1m[35mPRAGMA foreign_keys = OFF /*application='PizzaOrders'*/[0m
  [1m[36mTRANSACTION (0.0ms)[0m  [1m[35mBEGIN immediate TRANSACTION /*application='PizzaOrders'*/[0m
  [1m[35m (0.2ms)[0m  [1m[35mCREATE TEMPORARY TABLE "aorder_items" ("id" integer PRIMARY KEY AUTOINCREMENT NOT NULL, "created_at" datetime(6) NOT NULL, "extra_ingredients" json DEFAULT '[]' NOT NULL, "omitted_ingredients" json DEFAULT '[]' NOT NULL, "order_id" integer NOT NULL, "pizza_id" integer NOT NULL, "size" varchar NOT NULL, "updated_at" datetime(6) NOT NULL) /*application='PizzaOrders'*/[0m
  [1m[35m (0.1ms)[0m  [1m[35mCREATE INDEX "tindex_aorder_items_on_pizza_id" ON "aorder_items" ("pizza_id") /*application='PizzaOrders'*/[0m
  [1m[35m (0.1ms)[0m  [1m[35mCREATE INDEX "tindex_aorder_items_on_order_id" ON "aorder_items" ("order_id") /*application='PizzaOrders'*/[0m
  [1m[35mSQL (0.1ms)[0m  [1m[32mINSERT INTO "aorder_items" ("id","created_at","extra_ingredients","omitted_ingredients","order_id","pizza_id","size","updated_at")
                     SELECT "id","created_at","extra_ingredients","omitted_ingredients","order_id","pizza_id","size","updated_at" FROM "order_items" /*application='PizzaOrders'*/[0m
  [1m[35m (0.1ms)[0m  [1m[35mDROP TABLE "order_items" /*application='PizzaOrders'*/[0m
  [1m[35m (0.1ms)[0m  [1m[35mCREATE TABLE "order_items" ("id" integer PRIMARY KEY AUTOINCREMENT NOT NULL, "created_at" datetime(6) NOT NULL, "extra_ingredients" json DEFAULT '[]' NOT NULL, "omitted_ingredients" json DEFAULT '[]' NOT NULL, "order_id" integer NOT NULL, "pizza_id" integer NOT NULL, "size" varchar NOT NULL, "updated_at" datetime(6) NOT NULL, CONSTRAINT "fk_rails_e3cb28f071"
FOREIGN KEY ("order_id")
  REFERENCES "orders" ("id")
) /*application='PizzaOrders'*/[0m
  [1m[35m (0.1ms)[0m  [1m[35mCREATE INDEX "index_order_items_on_order_id" ON "order_items" ("order_id") /*application='PizzaOrders'*/[0m
  [1m[35m (0.1ms)[0m  [1m[35mCREATE INDEX "index_order_items_on_pizza_id" ON "order_items" ("pizza_id") /*application='PizzaOrders'*/[0m
  [1m[35mSQL (0.0ms)[0m  [1m[32mINSERT INTO "order_items" ("id","created_at","extra_ingredients","omitted_ingredients","order_id","pizza_id","size","updated_at")
                     SELECT "id","created_at","extra_ingredients","omitted_ingredients","order_id","pizza_id","size","updated_at" FROM "aorder_items" /*application='PizzaOrders'*/[0m
  [1m[35m (0.1ms)[0m  [1m[35mDROP TABLE "aorder_items" /*application='PizzaOrders'*/[0m
  [1m[36mTRANSACTION (0.2ms)[0m  [1m[35mCOMMIT TRANSACTION /*application='PizzaOrders'*/[0m
  [1m[35m (0.0ms)[0m  [1m[35mPRAGMA defer_foreign_keys = 0 /*application='PizzaOrders'*/[0m
  [1m[35m (0.0ms)[0m  [1m[35mPRAGMA foreign_keys = 1 /*application='PizzaOrders'*/[0m
  [1m[35m (0.0ms)[0m  [1m[35mPRAGMA foreign_keys /*application='PizzaOrders'*/[0m
  [1m[35m (0.0ms)[0m  [1m[35mPRAGMA defer_foreign_keys /*application='PizzaOrders'*/[0m
  [1m[35m (0.0ms)[0m  [1m[35mPRAGMA defer_foreign_keys = ON /*application='PizzaOrders'*/[0m
  [1m[35m (0.0ms)[0m  [1m[35mPRAGMA foreign_keys = OFF /*application='PizzaOrders'*/[0m
  [1m[36mTRANSACTION (0.0ms)[0m  [1m[35mBEGIN immediate TRANSACTION /*application='PizzaOrders'*/[0m
  [1m[35m (0.1ms)[0m  [1m[35mCREATE TEMPORARY TABLE "aorder_items" ("id" integer PRIMARY KEY AUTOINCREMENT NOT NULL, "created_at" datetime(6) NOT NULL, "extra_ingredients" json DEFAULT '[]' NOT NULL, "omitted_ingredients" json DEFAULT '[]' NOT NULL, "order_id" integer NOT NULL, "pizza_id" integer NOT NULL, "size" varchar NOT NULL, "updated_at" datetime(6) NOT NULL) /*application='PizzaOrders'*/[0m
  [1m[35m (0.1ms)[0m  [1m[35mCREATE INDEX "tindex_aorder_items_on_pizza_id" ON "aorder_items" ("pizza_id") /*application='PizzaOrders'*/[0m
  [1m[35m (0.1ms)[0m  [1m[35mCREATE INDEX "tindex_aorder_items_on_order_id" ON "aorder_items" ("order_id") /*application='PizzaOrders'*/[0m
  [1m[35mSQL (0.1ms)[0m  [1m[32mINSERT INTO "aorder_items" ("id","created_at","extra_ingredients","omitted_ingredients","order_id","pizza_id","size","updated_at")
                     SELECT "id","created_at","extra_ingredients","omitted_ingredients","order_id","pizza_id","size","updated_at" FROM "order_items" /*application='PizzaOrders'*/[0m
  [1m[35m (0.4ms)[0m  [1m[35mDROP TABLE "order_items" /*application='PizzaOrders'*/[0m
  [1m[35m (0.1ms)[0m  [1m[35mCREATE TABLE "order_items" ("id" integer PRIMARY KEY AUTOINCREMENT NOT NULL, "created_at" datetime(6) NOT NULL, "extra_ingredients" json DEFAULT '[]' NOT NULL, "omitted_ingredients" json DEFAULT '[]' NOT NULL, "order_id" integer NOT NULL, "pizza_id" integer NOT NULL, "size" varchar NOT NULL, "updated_at" datetime(6) NOT NULL, CONSTRAINT "fk_rails_e3cb28f071"
FOREIGN KEY ("order_id")
  REFERENCES "orders" ("id")
, CONSTRAINT "fk_rails_d28b17c368"
FOREIGN KEY ("pizza_id")
  REFERENCES "pizzas" ("id")
) /*application='PizzaOrders'*/[0m
  [1m[35m (0.1ms)[0m  [1m[35mCREATE INDEX "index_order_items_on_order_id" ON "order_items" ("order_id") /*application='PizzaOrders'*/[0m
  [1m[35m (0.1ms)[0m  [1m[35mCREATE INDEX "index_order_items_on_pizza_id" ON "order_items" ("pizza_id") /*application='PizzaOrders'*/[0m
  [1m[35mSQL (0.1ms)[0m  [1m[32mINSERT INTO "order_items" ("id","created_at","extra_ingredients","omitted_ingredients","order_id","pizza_id","size","updated_at")
                     SELECT "id","created_at","extra_ingredients","omitted_ingredients","order_id","pizza_id","size","updated_at" FROM "aorder_items" /*application='PizzaOrders'*/[0m
  [1m[35m (0.2ms)[0m  [1m[35mDROP TABLE "aorder_items" /*application='PizzaOrders'*/[0m
  [1m[36mTRANSACTION (0.1ms)[0m  [1m[35mCOMMIT TRANSACTION /*application='PizzaOrders'*/[0m
  [1m[35m (0.0ms)[0m  [1m[35mPRAGMA defer_foreign_keys = 0 /*application='PizzaOrders'*/[0m
  [1m[35m (0.0ms)[0m  [1m[35mPRAGMA foreign_keys = 1 /*application='PizzaOrders'*/[0m
  [1m[35m (0.2ms)[0m  [1m[35mCREATE TABLE "schema_migrations" ("version" varchar NOT NULL PRIMARY KEY) /*application='PizzaOrders'*/[0m
  [1m[36mActiveRecord::SchemaMigration Load (0.0ms)[0m  [1m[34mSELECT "schema_migrations"."version" FROM "schema_migrations" ORDER BY "schema_migrations"."version" ASC /*application='PizzaOrders'*/[0m
  [1m[35m (0.1ms)[0m  [1m[32mINSERT INTO "schema_migrations" (version) VALUES (20260921125106) /*application='PizzaOrders'*/[0m
  [1m[35m (0.1ms)[0m  [1m[32mINSERT INTO "schema_migrations" (version) VALUES
(20260918123304),
(20260918123302),
(20260918122909); /*application='PizzaOrders'*/[0m
  [1m[35m (0.2ms)[0m  [1m[35mCREATE TABLE "ar_internal_metadata" ("key" varchar NOT NULL PRIMARY KEY, "value" varchar, "created_at" datetime(6) NOT NULL, "updated_at" datetime(6) NOT NULL) /*application='PizzaOrders'*/[0m
  [1m[36mActiveRecord::InternalMetadata Load (0.1ms)[0m  [1m[34mSELECT * FROM "ar_internal_metadata" WHERE "ar_internal_metadata"."key" = 'environment' ORDER BY "ar_internal_metadata"."key" ASC LIMIT 1 /*application='PizzaOrders'*/[0m
  [1m[36mActiveRecord::InternalMetadata Create (0.2ms)[0m  [1m[32mINSERT INTO "ar_internal_metadata" ("key", "value", "created_at", "updated_at") VALUES ('environment', 'development', '2026-09-22 13:24:57.702185', '2026-09-22 13:24:57.702187') RETURNING "key" /*application='PizzaOrders'*/[0m
  [1m[36mActiveRecord::InternalMetadata Load (0.1ms)[0m  [1m[34mSELECT * FROM "ar_internal_metadata" WHERE "ar_internal_metadata"."key" = 'environment' ORDER BY "ar_internal_metadata"."key" ASC LIMIT 1 /*application='PizzaOrders'*/[0m
  [1m[36mActiveRecord::InternalMetadata Load (0.1ms)[0m  [1m[34mSELECT * FROM "ar_internal_metadata" WHERE "ar_internal_metadata"."key" = 'schema_sha1' ORDER BY "ar_internal_metadata"."key" ASC LIMIT 1 /*application='PizzaOrders'*/[0m
  [1m[36mActiveRecord::InternalMetadata Create (0.1ms)[0m  [1m[32mINSERT INTO "ar_internal_metadata" ("key", "value", "created_at", "updated_at") VALUES ('schema_sha1', 'fa1777d9de700026a11035182752184db4a47a71', '2026-09-22 13:24:57.704737', '2026-09-22 13:24:57.704739') RETURNING "key" /*application='PizzaOrders'*/[0m
  [1m[35m (0.8ms)[0m  [1m[35mDROP TABLE IF EXISTS "order_items" /*application='PizzaOrders'*/[0m
  [1m[35m (0.5ms)[0m  [1m[35mCREATE TABLE "order_items" ("id" integer PRIMARY KEY AUTOINCREMENT NOT NULL, "created_at" datetime(6) NOT NULL, "extra_ingredients" json DEFAULT '[]' NOT NULL, "omitted_ingredients" json DEFAULT '[]' NOT NULL, "order_id" integer NOT NULL, "pizza_id" integer NOT NULL, "size" varchar NOT NULL, "updated_at" datetime(6) NOT NULL) /*application='PizzaOrders'*/[0m
  [1m[35m (0.2ms)[0m  [1m[35mCREATE INDEX "index_order_items_on_order_id" ON "order_items" ("order_id") /*application='PizzaOrders'*/[0m
  [1m[35m (0.1ms)[0m  [1m[35mCREATE INDEX "index_order_items_on_pizza_id" ON "order_items" ("pizza_id") /*application='PizzaOrders'*/[0m
  [1m[35m (0.0ms)[0m  [1m[35mDROP TABLE IF EXISTS "orders" /*application='PizzaOrders'*/[0m
  [1m[35m (0.2ms)[0m  [1m[35mCREATE TABLE "orders" ("id" integer PRIMARY KEY AUTOINCREMENT NOT NULL, "created_at" datetime(6) NOT NULL, "discount_code" varchar, "promotion_codes" json DEFAULT '[]' NOT NULL, "source_id" varchar, "state" integer DEFAULT 0 NOT NULL, "updated_at" datetime(6) NOT NULL) /*application='PizzaOrders'*/[0m
  [1m[35m (0.1ms)[0m  [1m[35mCREATE UNIQUE INDEX "index_orders_on_source_id" ON "orders" ("source_id") /*application='PizzaOrders'*/[0m
  [1m[35m (0.0ms)[0m  [1m[35mDROP TABLE IF EXISTS "pizzas" /*application='PizzaOrders'*/[0m
  [1m[35m (0.1ms)[0m  [1m[35mCREATE TABLE "pizzas" ("id" integer PRIMARY KEY AUTOINCREMENT NOT NULL, "base_price" decimal, "created_at" datetime(6) NOT NULL, "name" varchar, "updated_at" datetime(6) NOT NULL) /*application='PizzaOrders'*/[0m
  [1m[35m (0.0ms)[0m  [1m[35mPRAGMA foreign_keys /*application='PizzaOrders'*/[0m
  [1m[35m (0.0ms)[0m  [1m[35mPRAGMA defer_foreign_keys /*application='PizzaOrders'*/[0m
  [1m[35m (0.0ms)[0m  [1m[35mPRAGMA defer_foreign_keys = ON /*application='PizzaOrders'*/[0m
  [1m[35m (0.0ms)[0m  [1m[35mPRAGMA foreign_keys = OFF /*application='PizzaOrders'*/[0m
  [1m[36mTRANSACTION (0.0ms)[0m  [1m[35mBEGIN immediate TRANSACTION /*application='PizzaOrders'*/[0m
  [1m[35m (0.1ms)[0m  [1m[35mCREATE TEMPORARY TABLE "aorder_items" ("id" integer PRIMARY KEY AUTOINCREMENT NOT NULL, "created_at" datetime(6) NOT NULL, "extra_ingredients" json DEFAULT '[]' NOT NULL, "omitted_ingredients" json DEFAULT '[]' NOT NULL, "order_id" integer NOT NULL, "pizza_id" integer NOT NULL, "size" varchar NOT NULL, "updated_at" datetime(6) NOT NULL) /*application='PizzaOrders'*/[0m
  [1m[35m (0.1ms)[0m  [1m[35mCREATE INDEX "tindex_aorder_items_on_pizza_id" ON "aorder_items" ("pizza_id") /*application='PizzaOrders'*/[0m
  [1m[35m (0.1ms)[0m  [1m[35mCREATE INDEX "tindex_aorder_items_on_order_id" ON "aorder_items" ("order_id") /*application='PizzaOrders'*/[0m
  [1m[35mSQL (0.1ms)[0m  [1m[32mINSERT INTO "aorder_items" ("id","created_at","extra_ingredients","omitted_ingredients","order_id","pizza_id","size","updated_at")
                     SELECT "id","created_at","extra_ingredients","omitted_ingredients","order_id","pizza_id","size","updated_at" FROM "order_items" /*application='PizzaOrders'*/[0m
  [1m[35m (0.3ms)[0m  [1m[35mDROP TABLE "order_items" /*application='PizzaOrders'*/[0m
  [1m[35m (0.1ms)[0m  [1m[35mCREATE TABLE "order_items" ("id" integer PRIMARY KEY AUTOINCREMENT NOT NULL, "created_at" datetime(6) NOT NULL, "extra_ingredients" json DEFAULT '[]' NOT NULL, "omitted_ingredients" json DEFAULT '[]' NOT NULL, "order_id" integer NOT NULL, "pizza_id" integer NOT NULL, "size" varchar NOT NULL, "updated_at" datetime(6) NOT NULL, CONSTRAINT "fk_rails_e3cb28f071"
FOREIGN KEY ("order_id")
  REFERENCES "orders" ("id")
) /*application='PizzaOrders'*/[0m
  [1m[35m (0.1ms)[0m  [1m[35mCREATE INDEX "index_order_items_on_order_id" ON "order_items" ("order_id") /*application='PizzaOrders'*/[0m
  [1m[35m (0.1ms)[0m  [1m[35mCREATE INDEX "index_order_items_on_pizza_id" ON "order_items" ("pizza_id") /*application='PizzaOrders'*/[0m
  [1m[35mSQL (0.1ms)[0m  [1m[32mINSERT INTO "order_items" ("id","created_at","extra_ingredients","omitted_ingredients","order_id","pizza_id","size","updated_at")
                     SELECT "id","created_at","extra_ingredients","omitted_ingredients","order_id","pizza_id","size","updated_at" FROM "aorder_items" /*application='PizzaOrders'*/[0m
  [1m[35m (0.1ms)[0m  [1m[35mDROP TABLE "aorder_items" /*application='PizzaOrders'*/[0m
  [1m[36mTRANSACTION (0.1ms)[0m  [1m[35mCOMMIT TRANSACTION /*application='PizzaOrders'*/[0m
  [1m[35m (0.0ms)[0m  [1m[35mPRAGMA defer_foreign_keys = 0 /*application='PizzaOrders'*/[0m
  [1m[35m (0.0ms)[0m  [1m[35mPRAGMA foreign_keys = 1 /*application='PizzaOrders'*/[0m
  [1m[35m (0.0ms)[0m  [1m[35mPRAGMA foreign_keys /*application='PizzaOrders'*/[0m
  [1m[35m (0.0ms)[0m  [1m[35mPRAGMA defer_foreign_keys /*application='PizzaOrders'*/[0m
  [1m[35m (0.0ms)[0m  [1m[35mPRAGMA defer_foreign_keys = ON /*application='PizzaOrders'*/[0m
  [1m[35m (0.0ms)[0m  [1m[35mPRAGMA foreign_keys = OFF /*application='PizzaOrders'*/[0m
  [1m[36mTRANSACTION (0.0ms)[0m  [1m[35mBEGIN immediate TRANSACTION /*application='PizzaOrders'*/[0m
  [1m[35m (0.1ms)[0m  [1m[35mCREATE TEMPORARY TABLE "aorder_items" ("id" integer PRIMARY KEY AUTOINCREMENT NOT NULL, "created_at" datetime(6) NOT NULL, "extra_ingredients" json DEFAULT '[]' NOT NULL, "omitted_ingredients" json DEFAULT '[]' NOT NULL, "order_id" integer NOT NULL, "pizza_id" integer NOT NULL, "size" varchar NOT NULL, "updated_at" datetime(6) NOT NULL) /*application='PizzaOrders'*/[0m
  [1m[35m (0.1ms)[0m  [1m[35mCREATE INDEX "tindex_aorder_items_on_pizza_id" ON "aorder_items" ("pizza_id") /*application='PizzaOrders'*/[0m
  [1m[35m (0.1ms)[0m  [1m[35mCREATE INDEX "tindex_aorder_items_on_order_id" ON "aorder_items" ("order_id") /*application='PizzaOrders'*/[0m
  [1m[35mSQL (0.0ms)[0m  [1m[32mINSERT INTO "aorder_items" ("id","created_at","extra_ingredients","omitted_ingredients","order_id","pizza_id","size","updated_at")
                     SELECT "id","created_at","extra_ingredients","omitted_ingredients","order_id","pizza_id","size","updated_at" FROM "order_items" /*application='PizzaOrders'*/[0m
  [1m[35m (0.3ms)[0m  [1m[35mDROP TABLE "order_items" /*application='PizzaOrders'*/[0m
  [1m[35m (0.1ms)[0m  [1m[35mCREATE TABLE "order_items" ("id" integer PRIMARY KEY AUTOINCREMENT NOT NULL, "created_at" datetime(6) NOT NULL, "extra_ingredients" json DEFAULT '[]' NOT NULL, "omitted_ingredients" json DEFAULT '[]' NOT NULL, "order_id" integer NOT NULL, "pizza_id" integer NOT NULL, "size" varchar NOT NULL, "updated_at" datetime(6) NOT NULL, CONSTRAINT "fk_rails_e3cb28f071"
FOREIGN KEY ("order_id")
  REFERENCES "orders" ("id")
, CONSTRAINT "fk_rails_d28b17c368"
FOREIGN KEY ("pizza_id")
  REFERENCES "pizzas" ("id")
) /*application='PizzaOrders'*/[0m
  [1m[35m (0.1ms)[0m  [1m[35mCREATE INDEX "index_order_items_on_order_id" ON "order_items" ("order_id") /*application='PizzaOrders'*/[0m
  [1m[35m (0.1ms)[0m  [1m[35mCREATE INDEX "index_order_items_on_pizza_id" ON "order_items" ("pizza_id") /*application='PizzaOrders'*/[0m
  [1m[35mSQL (0.0ms)[0m  [1m[32mINSERT INTO "order_items" ("id","created_at","extra_ingredients","omitted_ingredients","order_id","pizza_id","size","updated_at")
                     SELECT "id","created_at","extra_ingredients","omitted_ingredients","order_id","pizza_id","size","updated_at" FROM "aorder_items" /*application='PizzaOrders'*/[0m
  [1m[35m (0.1ms)[0m  [1m[35mDROP TABLE "aorder_items" /*application='PizzaOrders'*/[0m
  [1m[36mTRANSACTION (0.1ms)[0m  [1m[35mCOMMIT TRANSACTION /*application='PizzaOrders'*/[0m
  [1m[35m (0.0ms)[0m  [1m[35mPRAGMA defer_foreign_keys = 0 /*application='PizzaOrders'*/[0m
  [1m[35m (0.0ms)[0m  [1m[35mPRAGMA foreign_keys = 1 /*application='PizzaOrders'*/[0m
  [1m[35m (0.2ms)[0m  [1m[35mCREATE TABLE "schema_migrations" ("version" varchar NOT NULL PRIMARY KEY) /*application='PizzaOrders'*/[0m
  [1m[36mActiveRecord::SchemaMigration Load (0.0ms)[0m  [1m[34mSELECT "schema_migrations"."version" FROM "schema_migrations" ORDER BY "schema_migrations"."version" ASC /*application='PizzaOrders'*/[0m
  [1m[35m (0.1ms)[0m  [1m[32mINSERT INTO "schema_migrations" (version) VALUES (20260921125106) /*application='PizzaOrders'*/[0m
  [1m[35m (0.1ms)[0m  [1m[32mINSERT INTO "schema_migrations" (version) VALUES
(20260918123304),
(20260918123302),
(20260918122909); /*application='PizzaOrders'*/[0m
  [1m[35m (0.2ms)[0m  [1m[35mCREATE TABLE "ar_internal_metadata" ("key" varchar NOT NULL PRIMARY KEY, "value" varchar, "created_at" datetime(6) NOT NULL, "updated_at" datetime(6) NOT NULL) /*application='PizzaOrders'*/[0m
  [1m[36mActiveRecord::InternalMetadata Load (0.1ms)[0m  [1m[34mSELECT * FROM "ar_internal_metadata" WHERE "ar_internal_metadata"."key" = 'environment' ORDER BY "ar_internal_metadata"."key" ASC LIMIT 1 /*application='PizzaOrders'*/[0m
  [1m[36mActiveRecord::InternalMetadata Create (0.1ms)[0m  [1m[32mINSERT INTO "ar_internal_metadata" ("key", "value", "created_at", "updated_at") VALUES ('environment', 'development', '2026-09-22 13:24:57.771065', '2026-09-22 13:24:57.771067') RETURNING "key" /*application='PizzaOrders'*/[0m
  [1m[36mActiveRecord::InternalMetadata Load (0.1ms)[0m  [1m[34mSELECT * FROM "ar_internal_metadata" WHERE "ar_internal_metadata"."key" = 'environment' ORDER BY "ar_internal_metadata"."key" ASC LIMIT 1 /*application='PizzaOrders'*/[0m
  [1m[36mActiveRecord::InternalMetadata Update (0.1ms)[0m  [1m[33mUPDATE "ar_internal_metadata" SET "value" = 'test', "updated_at" = '2026-09-22 13:24:57.772795' WHERE "ar_internal_metadata"."key" = 'environment' /*application='PizzaOrders'*/[0m
  [1m[36mActiveRecord::InternalMetadata Load (0.1ms)[0m  [1m[34mSELECT * FROM "ar_internal_metadata" WHERE "ar_internal_metadata"."key" = 'schema_sha1' ORDER BY "ar_internal_metadata"."key" ASC LIMIT 1 /*application='PizzaOrders'*/[0m
  [1m[36mActiveRecord::InternalMetadata Create (0.1ms)[0m  [1m[32mINSERT INTO "ar_internal_metadata" ("key", "value", "created_at", "updated_at") VALUES ('schema_sha1', 'fa1777d9de700026a11035182752184db4a47a71', '2026-09-22 13:24:57.774269', '2026-09-22 13:24:57.774271') RETURNING "key" /*application='PizzaOrders'*/[0m
  [1m[36mActiveRecord::SchemaMigration Load (0.1ms)[0m  [1m[34mSELECT "schema_migrations"."version" FROM "schema_migrations" ORDER BY "schema_migrations"."version" ASC /*application='PizzaOrders'*/[0m
  [1m[36mPizza Load (0.1ms)[0m  [1m[34mSELECT "pizzas".* FROM "pizzas" WHERE "pizzas"."name" = 'Margherita' LIMIT 1 /*application='PizzaOrders'*/[0m
  [1m[36mTRANSACTION (0.0ms)[0m  [1m[35mBEGIN immediate TRANSACTION /*application='PizzaOrders'*/[0m
  [1m[36mPizza Exists? (0.1ms)[0m  [1m[34mSELECT 1 AS one FROM "pizzas" WHERE "pizzas"."name" = 'Margherita' LIMIT 1 /*application='PizzaOrders'*/[0m
  [1m[36mPizza Create (0.1ms)[0m  [1m[32mINSERT INTO "pizzas" ("base_price", "created_at", "name", "updated_at") VALUES (5.0, '2026-09-22 13:24:57.800009', 'Margherita', '2026-09-22 13:24:57.800009') RETURNING "id" /*application='PizzaOrders'*/[0m
  [1m[36mTRANSACTION (0.5ms)[0m  [1m[35mCOMMIT TRANSACTION /*application='PizzaOrders'*/[0m
  [1m[36mPizza Load (0.1ms)[0m  [1m[34mSELECT "pizzas".* FROM "pizzas" WHERE "pizzas"."name" = 'Salami' LIMIT 1 /*application='PizzaOrders'*/[0m
  [1m[36mTRANSACTION (0.0ms)[0m  [1m[35mBEGIN immediate TRANSACTION /*application='PizzaOrders'*/[0m
  [1m[36mPizza Exists? (1.2ms)[0m  [1m[34mSELECT 1 AS one FROM "pizzas" WHERE "pizzas"."name" = 'Salami' LIMIT 1 /*application='PizzaOrders'*/[0m
  [1m[36mPizza Create (0.3ms)[0m  [1m[32mINSERT INTO "pizzas" ("base_price", "created_at", "name", "updated_at") VALUES (6.0, '2026-09-22 13:24:57.806666', 'Salami', '2026-09-22 13:24:57.806666') RETURNING "id" /*application='PizzaOrders'*/[0m
  [1m[36mTRANSACTION (0.1ms)[0m  [1m[35mCOMMIT TRANSACTION /*application='PizzaOrders'*/[0m
  [1m[36mPizza Load (0.1ms)[0m  [1m[34mSELECT "pizzas".* FROM "pizzas" WHERE "pizzas"."name" = 'Tonno' LIMIT 1 /*application='PizzaOrders'*/[0m
  [1m[36mTRANSACTION (0.0ms)[0m  [1m[35mBEGIN immediate TRANSACTION /*application='PizzaOrders'*/[0m
  [1m[36mPizza Exists? (1.2ms)[0m  [1m[34mSELECT 1 AS one FROM "pizzas" WHERE "pizzas"."name" = 'Tonno' LIMIT 1 /*application='PizzaOrders'*/[0m
  [1m[36mPizza Create (0.1ms)[0m  [1m[32mINSERT INTO "pizzas" ("base_price", "created_at", "name", "updated_at") VALUES (8.0, '2026-09-22 13:24:57.815216', 'Tonno', '2026-09-22 13:24:57.815216') RETURNING "id" /*application='PizzaOrders'*/[0m
  [1m[36mTRANSACTION (0.1ms)[0m  [1m[35mCOMMIT TRANSACTION /*application='PizzaOrders'*/[0m
  [1m[36mOrder Load (0.1ms)[0m  [1m[34mSELECT "orders".* FROM "orders" WHERE "orders"."source_id" = '316c6832-e038-4599-bc32-2b0bf1b9f1c1' LIMIT 1 /*application='PizzaOrders'*/[0m
  [1m[36mTRANSACTION (0.0ms)[0m  [1m[35mBEGIN immediate TRANSACTION /*application='PizzaOrders'*/[0m
  [1m[36mOrder Exists? (1.0ms)[0m  [1m[34mSELECT 1 AS one FROM "orders" WHERE "orders"."source_id" = '316c6832-e038-4599-bc32-2b0bf1b9f1c1' LIMIT 1 /*application='PizzaOrders'*/[0m
  [1m[36mOrder Create (0.1ms)[0m  [1m[32mINSERT INTO "orders" ("created_at", "discount_code", "promotion_codes", "source_id", "state", "updated_at") VALUES ('2021-04-14 11:16:00', NULL, '[]', '316c6832-e038-4599-bc32-2b0bf1b9f1c1', 0, '2026-09-22 13:24:57.826005') RETURNING "id" /*application='PizzaOrders'*/[0m
  [1m[36mTRANSACTION (0.1ms)[0m  [1m[35mCOMMIT TRANSACTION /*application='PizzaOrders'*/[0m
  [1m[36mPizza Load (0.1ms)[0m  [1m[34mSELECT "pizzas".* FROM "pizzas" WHERE "pizzas"."name" = 'Tonno' LIMIT 1 /*application='PizzaOrders'*/[0m
  [1m[36mTRANSACTION (0.0ms)[0m  [1m[35mBEGIN immediate TRANSACTION /*application='PizzaOrders'*/[0m
  [1m[36mOrderItem Create (1.1ms)[0m  [1m[32mINSERT INTO "order_items" ("created_at", "extra_ingredients", "omitted_ingredients", "order_id", "pizza_id", "size", "updated_at") VALUES ('2026-09-22 13:24:57.840407', '[]', '[]', 1, 3, 'Large', '2026-09-22 13:24:57.840407') RETURNING "id" /*application='PizzaOrders'*/[0m
  [1m[36mTRANSACTION (0.1ms)[0m  [1m[35mCOMMIT TRANSACTION /*application='PizzaOrders'*/[0m
  [1m[36mOrder Load (0.1ms)[0m  [1m[34mSELECT "orders".* FROM "orders" WHERE "orders"."source_id" = 'f40d59d0-48bd-409a-ac7b-54a1b47f6680' LIMIT 1 /*application='PizzaOrders'*/[0m
  [1m[36mTRANSACTION (0.0ms)[0m  [1m[35mBEGIN immediate TRANSACTION /*application='PizzaOrders'*/[0m
  [1m[36mOrder Exists? (1.0ms)[0m  [1m[34mSELECT 1 AS one FROM "orders" WHERE "orders"."source_id" = 'f40d59d0-48bd-409a-ac7b-54a1b47f6680' LIMIT 1 /*application='PizzaOrders'*/[0m
  [1m[36mOrder Create (0.1ms)[0m  [1m[32mINSERT INTO "orders" ("created_at", "discount_code", "promotion_codes", "source_id", "state", "updated_at") VALUES ('2021-04-14 13:17:25', NULL, '[]', 'f40d59d0-48bd-409a-ac7b-54a1b47f6680', 0, '2026-09-22 13:24:57.846945') RETURNING "id" /*application='PizzaOrders'*/[0m
  [1m[36mTRANSACTION (0.1ms)[0m  [1m[35mCOMMIT TRANSACTION /*application='PizzaOrders'*/[0m
  [1m[36mPizza Load (0.1ms)[0m  [1m[34mSELECT "pizzas".* FROM "pizzas" WHERE "pizzas"."name" = 'Margherita' LIMIT 1 /*application='PizzaOrders'*/[0m
  [1m[36mTRANSACTION (0.0ms)[0m  [1m[35mBEGIN immediate TRANSACTION /*application='PizzaOrders'*/[0m
  [1m[36mOrderItem Create (1.2ms)[0m  [1m[32mINSERT INTO "order_items" ("created_at", "extra_ingredients", "omitted_ingredients", "order_id", "pizza_id", "size", "updated_at") VALUES ('2026-09-22 13:24:57.850189', '["Onions","Cheese","Olives"]', '[]', 2, 1, 'Large', '2026-09-22 13:24:57.850189') RETURNING "id" /*application='PizzaOrders'*/[0m
  [1m[36mTRANSACTION (0.1ms)[0m  [1m[35mCOMMIT TRANSACTION /*application='PizzaOrders'*/[0m
  [1m[36mPizza Load (0.1ms)[0m  [1m[34mSELECT "pizzas".* FROM "pizzas" WHERE "pizzas"."name" = 'Tonno' LIMIT 1 /*application='PizzaOrders'*/[0m
  [1m[36mTRANSACTION (0.0ms)[0m  [1m[35mBEGIN immediate TRANSACTION /*application='PizzaOrders'*/[0m
  [1m[36mOrderItem Create (1.1ms)[0m  [1m[32mINSERT INTO "order_items" ("created_at", "extra_ingredients", "omitted_ingredients", "order_id", "pizza_id", "size", "updated_at") VALUES ('2026-09-22 13:24:57.857744', '[]', '["Onions","Olives"]', 2, 3, 'Medium', '2026-09-22 13:24:57.857744') RETURNING "id" /*application='PizzaOrders'*/[0m
  [1m[36mTRANSACTION (0.1ms)[0m  [1m[35mCOMMIT TRANSACTION /*application='PizzaOrders'*/[0m
  [1m[36mPizza Load (0.1ms)[0m  [1m[34mSELECT "pizzas".* FROM "pizzas" WHERE "pizzas"."name" = 'Margherita' LIMIT 1 /*application='PizzaOrders'*/[0m
  [1m[36mTRANSACTION (0.0ms)[0m  [1m[35mBEGIN immediate TRANSACTION /*application='PizzaOrders'*/[0m
  [1m[36mOrderItem Create (1.3ms)[0m  [1m[32mINSERT INTO "order_items" ("created_at", "extra_ingredients", "omitted_ingredients", "order_id", "pizza_id", "size", "updated_at") VALUES ('2026-09-22 13:24:57.862025', '[]', '[]', 2, 1, 'Small', '2026-09-22 13:24:57.862025') RETURNING "id" /*application='PizzaOrders'*/[0m
  [1m[36mTRANSACTION (0.2ms)[0m  [1m[35mCOMMIT TRANSACTION /*application='PizzaOrders'*/[0m
  [1m[36mOrder Load (0.7ms)[0m  [1m[34mSELECT "orders".* FROM "orders" WHERE "orders"."source_id" = '9232679d-e3fd-40bd-81f4-7114ea96e420' LIMIT 1 /*application='PizzaOrders'*/[0m
  [1m[36mTRANSACTION (0.0ms)[0m  [1m[35mBEGIN immediate TRANSACTION /*application='PizzaOrders'*/[0m
  [1m[36mOrder Exists? (1.0ms)[0m  [1m[34mSELECT 1 AS one FROM "orders" WHERE "orders"."source_id" = '9232679d-e3fd-40bd-81f4-7114ea96e420' LIMIT 1 /*application='PizzaOrders'*/[0m
  [1m[36mOrder Create (0.1ms)[0m  [1m[32mINSERT INTO "orders" ("created_at", "discount_code", "promotion_codes", "source_id", "state", "updated_at") VALUES ('2021-04-14 14:08:47', 'SAVE5', '["2FOR1"]', '9232679d-e3fd-40bd-81f4-7114ea96e420', 0, '2026-09-22 13:24:57.869454') RETURNING "id" /*application='PizzaOrders'*/[0m
  [1m[36mTRANSACTION (0.1ms)[0m  [1m[35mCOMMIT TRANSACTION /*application='PizzaOrders'*/[0m
  [1m[36mPizza Load (0.1ms)[0m  [1m[34mSELECT "pizzas".* FROM "pizzas" WHERE "pizzas"."name" = 'Salami' LIMIT 1 /*application='PizzaOrders'*/[0m
  [1m[36mTRANSACTION (0.0ms)[0m  [1m[35mBEGIN immediate TRANSACTION /*application='PizzaOrders'*/[0m
  [1m[36mOrderItem Create (1.5ms)[0m  [1m[32mINSERT INTO "order_items" ("created_at", "extra_ingredients", "omitted_ingredients", "order_id", "pizza_id", "size", "updated_at") VALUES ('2026-09-22 13:24:57.872817', '["Onions"]', '["Cheese"]', 3, 2, 'Medium', '2026-09-22 13:24:57.872817') RETURNING "id" /*application='PizzaOrders'*/[0m
  [1m[36mTRANSACTION (0.1ms)[0m  [1m[35mCOMMIT TRANSACTION /*application='PizzaOrders'*/[0m
  [1m[36mPizza Load (0.1ms)[0m  [1m[34mSELECT "pizzas".* FROM "pizzas" WHERE "pizzas"."name" = 'Salami' LIMIT 1 /*application='PizzaOrders'*/[0m
  [1m[36mTRANSACTION (0.0ms)[0m  [1m[35mBEGIN immediate TRANSACTION /*application='PizzaOrders'*/[0m
  [1m[36mOrderItem Create (1.1ms)[0m  [1m[32mINSERT INTO "order_items" ("created_at", "extra_ingredients", "omitted_ingredients", "order_id", "pizza_id", "size", "updated_at") VALUES ('2026-09-22 13:24:57.877915', '[]', '[]', 3, 2, 'Small', '2026-09-22 13:24:57.877915') RETURNING "id" /*application='PizzaOrders'*/[0m
  [1m[36mTRANSACTION (0.1ms)[0m  [1m[35mCOMMIT TRANSACTION /*application='PizzaOrders'*/[0m
  [1m[36mPizza Load (0.1ms)[0m  [1m[34mSELECT "pizzas".* FROM "pizzas" WHERE "pizzas"."name" = 'Salami' LIMIT 1 /*application='PizzaOrders'*/[0m
  [1m[36mTRANSACTION (0.0ms)[0m  [1m[35mBEGIN immediate TRANSACTION /*application='PizzaOrders'*/[0m
  [1m[36mOrderItem Create (1.1ms)[0m  [1m[32mINSERT INTO "order_items" ("created_at", "extra_ingredients", "omitted_ingredients", "order_id", "pizza_id", "size", "updated_at") VALUES ('2026-09-22 13:24:57.882118', '[]', '[]', 3, 2, 'Small', '2026-09-22 13:24:57.882118') RETURNING "id" /*application='PizzaOrders'*/[0m
  [1m[36mTRANSACTION (0.1ms)[0m  [1m[35mCOMMIT TRANSACTION /*application='PizzaOrders'*/[0m
  [1m[36mPizza Load (0.1ms)[0m  [1m[34mSELECT "pizzas".* FROM "pizzas" WHERE "pizzas"."name" = 'Salami' LIMIT 1 /*application='PizzaOrders'*/[0m
  [1m[36mTRANSACTION (0.0ms)[0m  [1m[35mBEGIN immediate TRANSACTION /*application='PizzaOrders'*/[0m
  [1m[36mOrderItem Create (1.1ms)[0m  [1m[32mINSERT INTO "order_items" ("created_at", "extra_ingredients", "omitted_ingredients", "order_id", "pizza_id", "size", "updated_at") VALUES ('2026-09-22 13:24:57.889977', '[]', '[]', 3, 2, 'Small', '2026-09-22 13:24:57.889977') RETURNING "id" /*application='PizzaOrders'*/[0m
  [1m[36mTRANSACTION (0.1ms)[0m  [1m[35mCOMMIT TRANSACTION /*application='PizzaOrders'*/[0m
  [1m[36mPizza Load (0.1ms)[0m  [1m[34mSELECT "pizzas".* FROM "pizzas" WHERE "pizzas"."name" = 'Salami' LIMIT 1 /*application='PizzaOrders'*/[0m
  [1m[36mTRANSACTION (0.0ms)[0m  [1m[35mBEGIN immediate TRANSACTION /*application='PizzaOrders'*/[0m
  [1m[36mOrderItem Create (1.1ms)[0m  [1m[32mINSERT INTO "order_items" ("created_at", "extra_ingredients", "omitted_ingredients", "order_id", "pizza_id", "size", "updated_at") VALUES ('2026-09-22 13:24:57.894142', '["Olives"]', '[]', 3, 2, 'Small', '2026-09-22 13:24:57.894142') RETURNING "id" /*application='PizzaOrders'*/[0m
  [1m[36mTRANSACTION (0.1ms)[0m  [1m[35mCOMMIT TRANSACTION /*application='PizzaOrders'*/[0m
Started GET "/orders" for 127.0.0.1 at 2026-09-22 15:24:58 +0200
Processing by OrdersController#index as HTML
  Rendering layout layouts/application.html.erb
  Rendering orders/index.html.erb within layouts/application
  [1m[36mOrder Load (0.1ms)[0m  [1m[34mSELECT "orders".* FROM "orders" WHERE "orders"."state" = 0 ORDER BY "orders"."created_at" ASC /*action='index',application='PizzaOrders',controller='orders'*/[0m
  ↳ app/views/orders/index.html.erb:7
  Rendered orders/index.html.erb within layouts/application (Duration: 0.9ms | GC: 0.0ms)
  Rendered layout layouts/application.html.erb (Duration: 1.6ms | GC: 0.0ms)
Completed 200 OK in 3ms (Views: 1.8ms | ActiveRecord: 0.1ms (1 query, 0 cached) | GC: 0.0ms)


Using vips to process variants requires the libvips library. Please install libvips using the instructions on the libvips website.
Using vips to process variants requires the libvips library. Please install libvips using the instructions on the libvips website.
Started GET "/orders" for 127.0.0.1 at 2026-09-22 15:25:13 +0200
  [1m[36mActiveRecord::SchemaMigration Load (0.2ms)[0m  [1m[34mSELECT "schema_migrations"."version" FROM "schema_migrations" ORDER BY "schema_migrations"."version" ASC /*application='PizzaOrders'*/[0m
Processing by OrdersController#index as HTML
  Rendering layout layouts/application.html.erb
  Rendering orders/index.html.erb within layouts/application
  [1m[36mOrder Load (0.2ms)[0m  [1m[34mSELECT "orders".* FROM "orders" WHERE "orders"."state" = 0 ORDER BY "orders"."created_at" ASC /*action='index',application='PizzaOrders',controller='orders'*/[0m
  ↳ app/views/orders/index.html.erb:7
  [1m[36mOrderItem Load (0.2ms)[0m  [1m[34mSELECT "order_items".* FROM "order_items" WHERE "order_items"."order_id" IN (1, 2, 3) /*action='index',application='PizzaOrders',controller='orders'*/[0m
  ↳ app/views/orders/index.html.erb:7
  [1m[36mPizza Load (0.1ms)[0m  [1m[34mSELECT "pizzas".* FROM "pizzas" WHERE "pizzas"."id" IN (3, 1, 2) /*action='index',application='PizzaOrders',controller='orders'*/[0m
  ↳ app/views/orders/index.html.erb:7
  Rendered orders/index.html.erb within layouts/application (Duration: 35.4ms | GC: 0.0ms)
  Rendered layout layouts/application.html.erb (Duration: 57.0ms | GC: 13.4ms)
Completed 200 OK in 86ms (Views: 58.7ms | ActiveRecord: 3.1ms (3 queries, 0 cached) | GC: 13.4ms)


Using vips to process variants requires the libvips library. Please install libvips using the instructions on the libvips website.
  [1m[36mActiveRecord::SchemaMigration Load (0.1ms)[0m  [1m[34mSELECT "schema_migrations"."version" FROM "schema_migrations" ORDER BY "schema_migrations"."version" ASC /*application='PizzaOrders'*/[0m
  [1m[36mActiveRecord::InternalMetadata Load (0.1ms)[0m  [1m[34mSELECT * FROM "ar_internal_metadata" WHERE "ar_internal_metadata"."key" = 'environment' ORDER BY "ar_internal_metadata"."key" ASC LIMIT 1 /*application='PizzaOrders'*/[0m
  [1m[36mActiveRecord::SchemaMigration Load (0.0ms)[0m  [1m[34mSELECT "schema_migrations"."version" FROM "schema_migrations" ORDER BY "schema_migrations"."version" ASC /*application='PizzaOrders'*/[0m
  [1m[36mActiveRecord::InternalMetadata Load (0.0ms)[0m  [1m[34mSELECT * FROM "ar_internal_metadata" WHERE "ar_internal_metadata"."key" = 'environment' ORDER BY "ar_internal_metadata"."key" ASC LIMIT 1 /*application='PizzaOrders'*/[0m
  [1m[36mActiveRecord::SchemaMigration Load (0.0ms)[0m  [1m[34mSELECT "schema_migrations"."version" FROM "schema_migrations" ORDER BY "schema_migrations"."version" ASC /*application='PizzaOrders'*/[0m
  [1m[36mActiveRecord::InternalMetadata Load (0.1ms)[0m  [1m[34mSELECT * FROM "ar_internal_metadata" WHERE "ar_internal_metadata"."key" = 'environment' ORDER BY "ar_internal_metadata"."key" ASC LIMIT 1 /*application='PizzaOrders'*/[0m
  [1m[35m (1.6ms)[0m  [1m[35mDROP TABLE IF EXISTS "order_items" /*application='PizzaOrders'*/[0m
  [1m[35m (0.5ms)[0m  [1m[35mCREATE TABLE "order_items" ("id" integer PRIMARY KEY AUTOINCREMENT NOT NULL, "created_at" datetime(6) NOT NULL, "extra_ingredients" json DEFAULT '[]' NOT NULL, "omitted_ingredients" json DEFAULT '[]' NOT NULL, "order_id" integer NOT NULL, "pizza_id" integer NOT NULL, "size" varchar NOT NULL, "updated_at" datetime(6) NOT NULL) /*application='PizzaOrders'*/[0m
  [1m[35m (0.1ms)[0m  [1m[35mCREATE INDEX "index_order_items_on_order_id" ON "order_items" ("order_id") /*application='PizzaOrders'*/[0m
  [1m[35m (0.1ms)[0m  [1m[35mCREATE INDEX "index_order_items_on_pizza_id" ON "order_items" ("pizza_id") /*application='PizzaOrders'*/[0m
  [1m[35m (0.0ms)[0m  [1m[35mDROP TABLE IF EXISTS "orders" /*application='PizzaOrders'*/[0m
  [1m[35m (0.2ms)[0m  [1m[35mCREATE TABLE "orders" ("id" integer PRIMARY KEY AUTOINCREMENT NOT NULL, "created_at" datetime(6) NOT NULL, "discount_code" varchar, "promotion_codes" json DEFAULT '[]' NOT NULL, "source_id" varchar, "state" integer DEFAULT 0 NOT NULL, "updated_at" datetime(6) NOT NULL) /*application='PizzaOrders'*/[0m
  [1m[35m (0.1ms)[0m  [1m[35mCREATE UNIQUE INDEX "index_orders_on_source_id" ON "orders" ("source_id") /*application='PizzaOrders'*/[0m
  [1m[35m (0.0ms)[0m  [1m[35mDROP TABLE IF EXISTS "pizzas" /*application='PizzaOrders'*/[0m
  [1m[35m (0.2ms)[0m  [1m[35mCREATE TABLE "pizzas" ("id" integer PRIMARY KEY AUTOINCREMENT NOT NULL, "base_price" decimal, "created_at" datetime(6) NOT NULL, "name" varchar, "updated_at" datetime(6) NOT NULL) /*application='PizzaOrders'*/[0m
  [1m[35m (0.0ms)[0m  [1m[35mPRAGMA foreign_keys /*application='PizzaOrders'*/[0m
  [1m[35m (0.0ms)[0m  [1m[35mPRAGMA defer_foreign_keys /*application='PizzaOrders'*/[0m
  [1m[35m (0.0ms)[0m  [1m[35mPRAGMA defer_foreign_keys = ON /*application='PizzaOrders'*/[0m
  [1m[35m (0.0ms)[0m  [1m[35mPRAGMA foreign_keys = OFF /*application='PizzaOrders'*/[0m
  [1m[36mTRANSACTION (0.0ms)[0m  [1m[35mBEGIN immediate TRANSACTION /*application='PizzaOrders'*/[0m
  [1m[35m (0.2ms)[0m  [1m[35mCREATE TEMPORARY TABLE "aorder_items" ("id" integer PRIMARY KEY AUTOINCREMENT NOT NULL, "created_at" datetime(6) NOT NULL, "extra_ingredients" json DEFAULT '[]' NOT NULL, "omitted_ingredients" json DEFAULT '[]' NOT NULL, "order_id" integer NOT NULL, "pizza_id" integer NOT NULL, "size" varchar NOT NULL, "updated_at" datetime(6) NOT NULL) /*application='PizzaOrders'*/[0m
  [1m[35m (0.1ms)[0m  [1m[35mCREATE INDEX "tindex_aorder_items_on_pizza_id" ON "aorder_items" ("pizza_id") /*application='PizzaOrders'*/[0m
  [1m[35m (0.1ms)[0m  [1m[35mCREATE INDEX "tindex_aorder_items_on_order_id" ON "aorder_items" ("order_id") /*application='PizzaOrders'*/[0m
  [1m[35mSQL (0.1ms)[0m  [1m[32mINSERT INTO "aorder_items" ("id","created_at","extra_ingredients","omitted_ingredients","order_id","pizza_id","size","updated_at")
                     SELECT "id","created_at","extra_ingredients","omitted_ingredients","order_id","pizza_id","size","updated_at" FROM "order_items" /*application='PizzaOrders'*/[0m
  [1m[35m (0.1ms)[0m  [1m[35mDROP TABLE "order_items" /*application='PizzaOrders'*/[0m
  [1m[35m (0.1ms)[0m  [1m[35mCREATE TABLE "order_items" ("id" integer PRIMARY KEY AUTOINCREMENT NOT NULL, "created_at" datetime(6) NOT NULL, "extra_ingredients" json DEFAULT '[]' NOT NULL, "omitted_ingredients" json DEFAULT '[]' NOT NULL, "order_id" integer NOT NULL, "pizza_id" integer NOT NULL, "size" varchar NOT NULL, "updated_at" datetime(6) NOT NULL, CONSTRAINT "fk_rails_e3cb28f071"
FOREIGN KEY ("order_id")
  REFERENCES "orders" ("id")
) /*application='PizzaOrders'*/[0m
  [1m[35m (0.1ms)[0m  [1m[35mCREATE INDEX "index_order_items_on_order_id" ON "order_items" ("order_id") /*application='PizzaOrders'*/[0m
  [1m[35m (0.1ms)[0m  [1m[35mCREATE INDEX "index_order_items_on_pizza_id" ON "order_items" ("pizza_id") /*application='PizzaOrders'*/[0m
  [1m[35mSQL (0.1ms)[0m  [1m[32mINSERT INTO "order_items" ("id","created_at","extra_ingredients","omitted_ingredients","order_id","pizza_id","size","updated_at")
                     SELECT "id","created_at","extra_ingredients","omitted_ingredients","order_id","pizza_id","size","updated_at" FROM "aorder_items" /*application='PizzaOrders'*/[0m
  [1m[35m (0.3ms)[0m  [1m[35mDROP TABLE "aorder_items" /*application='PizzaOrders'*/[0m
  [1m[36mTRANSACTION (0.1ms)[0m  [1m[35mCOMMIT TRANSACTION /*application='PizzaOrders'*/[0m
  [1m[35m (0.0ms)[0m  [1m[35mPRAGMA defer_foreign_keys = 0 /*application='PizzaOrders'*/[0m
  [1m[35m (0.0ms)[0m  [1m[35mPRAGMA foreign_keys = 1 /*application='PizzaOrders'*/[0m
  [1m[35m (0.0ms)[0m  [1m[35mPRAGMA foreign_keys /*application='PizzaOrders'*/[0m
  [1m[35m (0.0ms)[0m  [1m[35mPRAGMA defer_foreign_keys /*application='PizzaOrders'*/[0m
  [1m[35m (0.0ms)[0m  [1m[35mPRAGMA defer_foreign_keys = ON /*application='PizzaOrders'*/[0m
  [1m[35m (0.0ms)[0m  [1m[35mPRAGMA foreign_keys = OFF /*application='PizzaOrders'*/[0m
  [1m[36mTRANSACTION (0.0ms)[0m  [1m[35mBEGIN immediate TRANSACTION /*application='PizzaOrders'*/[0m
  [1m[35m (0.1ms)[0m  [1m[35mCREATE TEMPORARY TABLE "aorder_items" ("id" integer PRIMARY KEY AUTOINCREMENT NOT NULL, "created_at" datetime(6) NOT NULL, "extra_ingredients" json DEFAULT '[]' NOT NULL, "omitted_ingredients" json DEFAULT '[]' NOT NULL, "order_id" integer NOT NULL, "pizza_id" integer NOT NULL, "size" varchar NOT NULL, "updated_at" datetime(6) NOT NULL) /*application='PizzaOrders'*/[0m
  [1m[35m (0.1ms)[0m  [1m[35mCREATE INDEX "tindex_aorder_items_on_pizza_id" ON "aorder_items" ("pizza_id") /*application='PizzaOrders'*/[0m
  [1m[35m (0.1ms)[0m  [1m[35mCREATE INDEX "tindex_aorder_items_on_order_id" ON "aorder_items" ("order_id") /*application='PizzaOrders'*/[0m
  [1m[35mSQL (0.0ms)[0m  [1m[32mINSERT INTO "aorder_items" ("id","created_at","extra_ingredients","omitted_ingredients","order_id","pizza_id","size","updated_at")
                     SELECT "id","created_at","extra_ingredients","omitted_ingredients","order_id","pizza_id","size","updated_at" FROM "order_items" /*application='PizzaOrders'*/[0m
  [1m[35m (0.1ms)[0m  [1m[35mDROP TABLE "order_items" /*application='PizzaOrders'*/[0m
  [1m[35m (0.1ms)[0m  [1m[35mCREATE TABLE "order_items" ("id" integer PRIMARY KEY AUTOINCREMENT NOT NULL, "created_at" datetime(6) NOT NULL, "extra_ingredients" json DEFAULT '[]' NOT NULL, "omitted_ingredients" json DEFAULT '[]' NOT NULL, "order_id" integer NOT NULL, "pizza_id" integer NOT NULL, "size" varchar NOT NULL, "updated_at" datetime(6) NOT NULL, CONSTRAINT "fk_rails_e3cb28f071"
FOREIGN KEY ("order_id")
  REFERENCES "orders" ("id")
, CONSTRAINT "fk_rails_d28b17c368"
FOREIGN KEY ("pizza_id")
  REFERENCES "pizzas" ("id")
) /*application='PizzaOrders'*/[0m
  [1m[35m (0.1ms)[0m  [1m[35mCREATE INDEX "index_order_items_on_order_id" ON "order_items" ("order_id") /*application='PizzaOrders'*/[0m
  [1m[35m (0.1ms)[0m  [1m[35mCREATE INDEX "index_order_items_on_pizza_id" ON "order_items" ("pizza_id") /*application='PizzaOrders'*/[0m
  [1m[35mSQL (0.1ms)[0m  [1m[32mINSERT INTO "order_items" ("id","created_at","extra_ingredients","omitted_ingredients","order_id","pizza_id","size","updated_at")
                     SELECT "id","created_at","extra_ingredients","omitted_ingredients","order_id","pizza_id","size","updated_at" FROM "aorder_items" /*application='PizzaOrders'*/[0m
  [1m[35m (0.2ms)[0m  [1m[35mDROP TABLE "aorder_items" /*application='PizzaOrders'*/[0m
  [1m[36mTRANSACTION (0.1ms)[0m  [1m[35mCOMMIT TRANSACTION /*application='PizzaOrders'*/[0m
  [1m[35m (0.0ms)[0m  [1m[35mPRAGMA defer_foreign_keys = 0 /*application='PizzaOrders'*/[0m
  [1m[35m (0.0ms)[0m  [1m[35mPRAGMA foreign_keys = 1 /*application='PizzaOrders'*/[0m
  [1m[35m (0.2ms)[0m  [1m[35mCREATE TABLE "schema_migrations" ("version" varchar NOT NULL PRIMARY KEY) /*application='PizzaOrders'*/[0m
  [1m[36mActiveRecord::SchemaMigration Load (0.0ms)[0m  [1m[34mSELECT "schema_migrations"."version" FROM "schema_migrations" ORDER BY "schema_migrations"."version" ASC /*application='PizzaOrders'*/[0m
  [1m[35m (0.1ms)[0m  [1m[32mINSERT INTO "schema_migrations" (version) VALUES (20260921125106) /*application='PizzaOrders'*/[0m
  [1m[35m (0.1ms)[0m  [1m[32mINSERT INTO "schema_migrations" (version) VALUES
(20260918123304),
(20260918123302),
(20260918122909); /*application='PizzaOrders'*/[0m
  [1m[35m (0.2ms)[0m  [1m[35mCREATE TABLE "ar_internal_metadata" ("key" varchar NOT NULL PRIMARY KEY, "value" varchar, "created_at" datetime(6) NOT NULL, "updated_at" datetime(6) NOT NULL) /*application='PizzaOrders'*/[0m
  [1m[36mActiveRecord::InternalMetadata Load (0.1ms)[0m  [1m[34mSELECT * FROM "ar_internal_metadata" WHERE "ar_internal_metadata"."key" = 'environment' ORDER BY "ar_internal_metadata"."key" ASC LIMIT 1 /*application='PizzaOrders'*/[0m
  [1m[36mActiveRecord::InternalMetadata Create (0.2ms)[0m  [1m[32mINSERT INTO "ar_internal_metadata" ("key", "value", "created_at", "updated_at") VALUES ('environment', 'development', '2026-09-22 14:06:24.185308', '2026-09-22 14:06:24.185310') RETURNING "key" /*application='PizzaOrders'*/[0m
  [1m[36mActiveRecord::InternalMetadata Load (0.1ms)[0m  [1m[34mSELECT * FROM "ar_internal_metadata" WHERE "ar_internal_metadata"."key" = 'environment' ORDER BY "ar_internal_metadata"."key" ASC LIMIT 1 /*application='PizzaOrders'*/[0m
  [1m[36mActiveRecord::InternalMetadata Load (0.1ms)[0m  [1m[34mSELECT * FROM "ar_internal_metadata" WHERE "ar_internal_metadata"."key" = 'schema_sha1' ORDER BY "ar_internal_metadata"."key" ASC LIMIT 1 /*application='PizzaOrders'*/[0m
  [1m[36mActiveRecord::InternalMetadata Create (0.1ms)[0m  [1m[32mINSERT INTO "ar_internal_metadata" ("key", "value", "created_at", "updated_at") VALUES ('schema_sha1', 'fa1777d9de700026a11035182752184db4a47a71', '2026-09-22 14:06:24.187905', '2026-09-22 14:06:24.187907') RETURNING "key" /*application='PizzaOrders'*/[0m
  [1m[35m (1.2ms)[0m  [1m[35mDROP TABLE IF EXISTS "order_items" /*application='PizzaOrders'*/[0m
  [1m[35m (0.5ms)[0m  [1m[35mCREATE TABLE "order_items" ("id" integer PRIMARY KEY AUTOINCREMENT NOT NULL, "created_at" datetime(6) NOT NULL, "extra_ingredients" json DEFAULT '[]' NOT NULL, "omitted_ingredients" json DEFAULT '[]' NOT NULL, "order_id" integer NOT NULL, "pizza_id" integer NOT NULL, "size" varchar NOT NULL, "updated_at" datetime(6) NOT NULL) /*application='PizzaOrders'*/[0m
  [1m[35m (0.1ms)[0m  [1m[35mCREATE INDEX "index_order_items_on_order_id" ON "order_items" ("order_id") /*application='PizzaOrders'*/[0m
  [1m[35m (0.1ms)[0m  [1m[35mCREATE INDEX "index_order_items_on_pizza_id" ON "order_items" ("pizza_id") /*application='PizzaOrders'*/[0m
  [1m[35m (0.0ms)[0m  [1m[35mDROP TABLE IF EXISTS "orders" /*application='PizzaOrders'*/[0m
  [1m[35m (0.2ms)[0m  [1m[35mCREATE TABLE "orders" ("id" integer PRIMARY KEY AUTOINCREMENT NOT NULL, "created_at" datetime(6) NOT NULL, "discount_code" varchar, "promotion_codes" json DEFAULT '[]' NOT NULL, "source_id" varchar, "state" integer DEFAULT 0 NOT NULL, "updated_at" datetime(6) NOT NULL) /*application='PizzaOrders'*/[0m
  [1m[35m (0.1ms)[0m  [1m[35mCREATE UNIQUE INDEX "index_orders_on_source_id" ON "orders" ("source_id") /*application='PizzaOrders'*/[0m
  [1m[35m (0.0ms)[0m  [1m[35mDROP TABLE IF EXISTS "pizzas" /*application='PizzaOrders'*/[0m
  [1m[35m (0.1ms)[0m  [1m[35mCREATE TABLE "pizzas" ("id" integer PRIMARY KEY AUTOINCREMENT NOT NULL, "base_price" decimal, "created_at" datetime(6) NOT NULL, "name" varchar, "updated_at" datetime(6) NOT NULL) /*application='PizzaOrders'*/[0m
  [1m[35m (0.0ms)[0m  [1m[35mPRAGMA foreign_keys /*application='PizzaOrders'*/[0m
  [1m[35m (0.0ms)[0m  [1m[35mPRAGMA defer_foreign_keys /*application='PizzaOrders'*/[0m
  [1m[35m (0.0ms)[0m  [1m[35mPRAGMA defer_foreign_keys = ON /*application='PizzaOrders'*/[0m
  [1m[35m (0.0ms)[0m  [1m[35mPRAGMA foreign_keys = OFF /*application='PizzaOrders'*/[0m
  [1m[36mTRANSACTION (0.0ms)[0m  [1m[35mBEGIN immediate TRANSACTION /*application='PizzaOrders'*/[0m
  [1m[35m (0.1ms)[0m  [1m[35mCREATE TEMPORARY TABLE "aorder_items" ("id" integer PRIMARY KEY AUTOINCREMENT NOT NULL, "created_at" datetime(6) NOT NULL, "extra_ingredients" json DEFAULT '[]' NOT NULL, "omitted_ingredients" json DEFAULT '[]' NOT NULL, "order_id" integer NOT NULL, "pizza_id" integer NOT NULL, "size" varchar NOT NULL, "updated_at" datetime(6) NOT NULL) /*application='PizzaOrders'*/[0m
  [1m[35m (0.1ms)[0m  [1m[35mCREATE INDEX "tindex_aorder_items_on_pizza_id" ON "aorder_items" ("pizza_id") /*application='PizzaOrders'*/[0m
  [1m[35m (0.1ms)[0m  [1m[35mCREATE INDEX "tindex_aorder_items_on_order_id" ON "aorder_items" ("order_id") /*application='PizzaOrders'*/[0m
  [1m[35mSQL (0.1ms)[0m  [1m[32mINSERT INTO "aorder_items" ("id","created_at","extra_ingredients","omitted_ingredients","order_id","pizza_id","size","updated_at")
                     SELECT "id","created_at","extra_ingredients","omitted_ingredients","order_id","pizza_id","size","updated_at" FROM "order_items" /*application='PizzaOrders'*/[0m
  [1m[35m (0.1ms)[0m  [1m[35mDROP TABLE "order_items" /*application='PizzaOrders'*/[0m
  [1m[35m (0.1ms)[0m  [1m[35mCREATE TABLE "order_items" ("id" integer PRIMARY KEY AUTOINCREMENT NOT NULL, "created_at" datetime(6) NOT NULL, "extra_ingredients" json DEFAULT '[]' NOT NULL, "omitted_ingredients" json DEFAULT '[]' NOT NULL, "order_id" integer NOT NULL, "pizza_id" integer NOT NULL, "size" varchar NOT NULL, "updated_at" datetime(6) NOT NULL, CONSTRAINT "fk_rails_e3cb28f071"
FOREIGN KEY ("order_id")
  REFERENCES "orders" ("id")
) /*application='PizzaOrders'*/[0m
  [1m[35m (0.1ms)[0m  [1m[35mCREATE INDEX "index_order_items_on_order_id" ON "order_items" ("order_id") /*application='PizzaOrders'*/[0m
  [1m[35m (0.1ms)[0m  [1m[35mCREATE INDEX "index_order_items_on_pizza_id" ON "order_items" ("pizza_id") /*application='PizzaOrders'*/[0m
  [1m[35mSQL (0.1ms)[0m  [1m[32mINSERT INTO "order_items" ("id","created_at","extra_ingredients","omitted_ingredients","order_id","pizza_id","size","updated_at")
                     SELECT "id","created_at","extra_ingredients","omitted_ingredients","order_id","pizza_id","size","updated_at" FROM "aorder_items" /*application='PizzaOrders'*/[0m
  [1m[35m (0.2ms)[0m  [1m[35mDROP TABLE "aorder_items" /*application='PizzaOrders'*/[0m
  [1m[36mTRANSACTION (0.1ms)[0m  [1m[35mCOMMIT TRANSACTION /*application='PizzaOrders'*/[0m
  [1m[35m (0.0ms)[0m  [1m[35mPRAGMA defer_foreign_keys = 0 /*application='PizzaOrders'*/[0m
  [1m[35m (0.0ms)[0m  [1m[35mPRAGMA foreign_keys = 1 /*application='PizzaOrders'*/[0m
  [1m[35m (0.0ms)[0m  [1m[35mPRAGMA foreign_keys /*application='PizzaOrders'*/[0m
  [1m[35m (0.0ms)[0m  [1m[35mPRAGMA defer_foreign_keys /*application='PizzaOrders'*/[0m
  [1m[35m (0.0ms)[0m  [1m[35mPRAGMA defer_foreign_keys = ON /*application='PizzaOrders'*/[0m
  [1m[35m (0.0ms)[0m  [1m[35mPRAGMA foreign_keys = OFF /*application='PizzaOrders'*/[0m
  [1m[36mTRANSACTION (0.0ms)[0m  [1m[35mBEGIN immediate TRANSACTION /*application='PizzaOrders'*/[0m
  [1m[35m (0.1ms)[0m  [1m[35mCREATE TEMPORARY TABLE "aorder_items" ("id" integer PRIMARY KEY AUTOINCREMENT NOT NULL, "created_at" datetime(6) NOT NULL, "extra_ingredients" json DEFAULT '[]' NOT NULL, "omitted_ingredients" json DEFAULT '[]' NOT NULL, "order_id" integer NOT NULL, "pizza_id" integer NOT NULL, "size" varchar NOT NULL, "updated_at" datetime(6) NOT NULL) /*application='PizzaOrders'*/[0m
  [1m[35m (0.1ms)[0m  [1m[35mCREATE INDEX "tindex_aorder_items_on_pizza_id" ON "aorder_items" ("pizza_id") /*application='PizzaOrders'*/[0m
  [1m[35m (0.1ms)[0m  [1m[35mCREATE INDEX "tindex_aorder_items_on_order_id" ON "aorder_items" ("order_id") /*application='PizzaOrders'*/[0m
  [1m[35mSQL (0.0ms)[0m  [1m[32mINSERT INTO "aorder_items" ("id","created_at","extra_ingredients","omitted_ingredients","order_id","pizza_id","size","updated_at")
                     SELECT "id","created_at","extra_ingredients","omitted_ingredients","order_id","pizza_id","size","updated_at" FROM "order_items" /*application='PizzaOrders'*/[0m
  [1m[35m (0.1ms)[0m  [1m[35mDROP TABLE "order_items" /*application='PizzaOrders'*/[0m
  [1m[35m (0.1ms)[0m  [1m[35mCREATE TABLE "order_items" ("id" integer PRIMARY KEY AUTOINCREMENT NOT NULL, "created_at" datetime(6) NOT NULL, "extra_ingredients" json DEFAULT '[]' NOT NULL, "omitted_ingredients" json DEFAULT '[]' NOT NULL, "order_id" integer NOT NULL, "pizza_id" integer NOT NULL, "size" varchar NOT NULL, "updated_at" datetime(6) NOT NULL, CONSTRAINT "fk_rails_e3cb28f071"
FOREIGN KEY ("order_id")
  REFERENCES "orders" ("id")
, CONSTRAINT "fk_rails_d28b17c368"
FOREIGN KEY ("pizza_id")
  REFERENCES "pizzas" ("id")
) /*application='PizzaOrders'*/[0m
  [1m[35m (0.1ms)[0m  [1m[35mCREATE INDEX "index_order_items_on_order_id" ON "order_items" ("order_id") /*application='PizzaOrders'*/[0m
  [1m[35m (0.1ms)[0m  [1m[35mCREATE INDEX "index_order_items_on_pizza_id" ON "order_items" ("pizza_id") /*application='PizzaOrders'*/[0m
  [1m[35mSQL (0.0ms)[0m  [1m[32mINSERT INTO "order_items" ("id","created_at","extra_ingredients","omitted_ingredients","order_id","pizza_id","size","updated_at")
                     SELECT "id","created_at","extra_ingredients","omitted_ingredients","order_id","pizza_id","size","updated_at" FROM "aorder_items" /*application='PizzaOrders'*/[0m
  [1m[35m (0.2ms)[0m  [1m[35mDROP TABLE "aorder_items" /*application='PizzaOrders'*/[0m
  [1m[36mTRANSACTION (0.1ms)[0m  [1m[35mCOMMIT TRANSACTION /*application='PizzaOrders'*/[0m
  [1m[35m (0.0ms)[0m  [1m[35mPRAGMA defer_foreign_keys = 0 /*application='PizzaOrders'*/[0m
  [1m[35m (0.0ms)[0m  [1m[35mPRAGMA foreign_keys = 1 /*application='PizzaOrders'*/[0m
  [1m[35m (4.5ms)[0m  [1m[35mCREATE TABLE "schema_migrations" ("version" varchar NOT NULL PRIMARY KEY) /*application='PizzaOrders'*/[0m
  [1m[36mActiveRecord::SchemaMigration Load (0.0ms)[0m  [1m[34mSELECT "schema_migrations"."version" FROM "schema_migrations" ORDER BY "schema_migrations"."version" ASC /*application='PizzaOrders'*/[0m
  [1m[35m (0.1ms)[0m  [1m[32mINSERT INTO "schema_migrations" (version) VALUES (20260921125106) /*application='PizzaOrders'*/[0m
  [1m[35m (0.1ms)[0m  [1m[32mINSERT INTO "schema_migrations" (version) VALUES
(20260918123304),
(20260918123302),
(20260918122909); /*application='PizzaOrders'*/[0m
  [1m[35m (0.2ms)[0m  [1m[35mCREATE TABLE "ar_internal_metadata" ("key" varchar NOT NULL PRIMARY KEY, "value" varchar, "created_at" datetime(6) NOT NULL, "updated_at" datetime(6) NOT NULL) /*application='PizzaOrders'*/[0m
  [1m[36mActiveRecord::InternalMetadata Load (0.1ms)[0m  [1m[34mSELECT * FROM "ar_internal_metadata" WHERE "ar_internal_metadata"."key" = 'environment' ORDER BY "ar_internal_metadata"."key" ASC LIMIT 1 /*application='PizzaOrders'*/[0m
  [1m[36mActiveRecord::InternalMetadata Create (0.1ms)[0m  [1m[32mINSERT INTO "ar_internal_metadata" ("key", "value", "created_at", "updated_at") VALUES ('environment', 'development', '2026-09-22 14:06:24.256910', '2026-09-22 14:06:24.256911') RETURNING "key" /*application='PizzaOrders'*/[0m
  [1m[36mActiveRecord::InternalMetadata Load (0.1ms)[0m  [1m[34mSELECT * FROM "ar_internal_metadata" WHERE "ar_internal_metadata"."key" = 'environment' ORDER BY "ar_internal_metadata"."key" ASC LIMIT 1 /*application='PizzaOrders'*/[0m
  [1m[36mActiveRecord::InternalMetadata Update (0.1ms)[0m  [1m[33mUPDATE "ar_internal_metadata" SET "value" = 'test', "updated_at" = '2026-09-22 14:06:24.258573' WHERE "ar_internal_metadata"."key" = 'environment' /*application='PizzaOrders'*/[0m
  [1m[36mActiveRecord::InternalMetadata Load (0.1ms)[0m  [1m[34mSELECT * FROM "ar_internal_metadata" WHERE "ar_internal_metadata"."key" = 'schema_sha1' ORDER BY "ar_internal_metadata"."key" ASC LIMIT 1 /*application='PizzaOrders'*/[0m
  [1m[36mActiveRecord::InternalMetadata Create (0.1ms)[0m  [1m[32mINSERT INTO "ar_internal_metadata" ("key", "value", "created_at", "updated_at") VALUES ('schema_sha1', 'fa1777d9de700026a11035182752184db4a47a71', '2026-09-22 14:06:24.260573', '2026-09-22 14:06:24.260574') RETURNING "key" /*application='PizzaOrders'*/[0m
  [1m[36mActiveRecord::SchemaMigration Load (0.1ms)[0m  [1m[34mSELECT "schema_migrations"."version" FROM "schema_migrations" ORDER BY "schema_migrations"."version" ASC /*application='PizzaOrders'*/[0m
  [1m[36mPizza Load (0.1ms)[0m  [1m[34mSELECT "pizzas".* FROM "pizzas" WHERE "pizzas"."name" = 'Margherita' LIMIT 1 /*application='PizzaOrders'*/[0m
  [1m[36mTRANSACTION (0.0ms)[0m  [1m[35mBEGIN immediate TRANSACTION /*application='PizzaOrders'*/[0m
  [1m[36mPizza Exists? (0.0ms)[0m  [1m[34mSELECT 1 AS one FROM "pizzas" WHERE "pizzas"."name" = 'Margherita' LIMIT 1 /*application='PizzaOrders'*/[0m
  [1m[36mPizza Create (0.1ms)[0m  [1m[32mINSERT INTO "pizzas" ("base_price", "created_at", "name", "updated_at") VALUES (5.0, '2026-09-22 14:06:24.290493', 'Margherita', '2026-09-22 14:06:24.290493') RETURNING "id" /*application='PizzaOrders'*/[0m
  [1m[36mTRANSACTION (0.5ms)[0m  [1m[35mCOMMIT TRANSACTION /*application='PizzaOrders'*/[0m
  [1m[36mPizza Load (0.1ms)[0m  [1m[34mSELECT "pizzas".* FROM "pizzas" WHERE "pizzas"."name" = 'Salami' LIMIT 1 /*application='PizzaOrders'*/[0m
  [1m[36mTRANSACTION (0.0ms)[0m  [1m[35mBEGIN immediate TRANSACTION /*application='PizzaOrders'*/[0m
  [1m[36mPizza Exists? (1.2ms)[0m  [1m[34mSELECT 1 AS one FROM "pizzas" WHERE "pizzas"."name" = 'Salami' LIMIT 1 /*application='PizzaOrders'*/[0m
  [1m[36mPizza Create (0.1ms)[0m  [1m[32mINSERT INTO "pizzas" ("base_price", "created_at", "name", "updated_at") VALUES (6.0, '2026-09-22 14:06:24.296554', 'Salami', '2026-09-22 14:06:24.296554') RETURNING "id" /*application='PizzaOrders'*/[0m
  [1m[36mTRANSACTION (0.1ms)[0m  [1m[35mCOMMIT TRANSACTION /*application='PizzaOrders'*/[0m
  [1m[36mPizza Load (0.1ms)[0m  [1m[34mSELECT "pizzas".* FROM "pizzas" WHERE "pizzas"."name" = 'Tonno' LIMIT 1 /*application='PizzaOrders'*/[0m
  [1m[36mTRANSACTION (0.0ms)[0m  [1m[35mBEGIN immediate TRANSACTION /*application='PizzaOrders'*/[0m
  [1m[36mPizza Exists? (1.2ms)[0m  [1m[34mSELECT 1 AS one FROM "pizzas" WHERE "pizzas"."name" = 'Tonno' LIMIT 1 /*application='PizzaOrders'*/[0m
  [1m[36mPizza Create (0.1ms)[0m  [1m[32mINSERT INTO "pizzas" ("base_price", "created_at", "name", "updated_at") VALUES (8.0, '2026-09-22 14:06:24.301833', 'Tonno', '2026-09-22 14:06:24.301833') RETURNING "id" /*application='PizzaOrders'*/[0m
  [1m[36mTRANSACTION (0.1ms)[0m  [1m[35mCOMMIT TRANSACTION /*application='PizzaOrders'*/[0m
  [1m[36mOrder Load (0.1ms)[0m  [1m[34mSELECT "orders".* FROM "orders" WHERE "orders"."source_id" = '316c6832-e038-4599-bc32-2b0bf1b9f1c1' LIMIT 1 /*application='PizzaOrders'*/[0m
  [1m[36mTRANSACTION (0.0ms)[0m  [1m[35mBEGIN immediate TRANSACTION /*application='PizzaOrders'*/[0m
  [1m[36mOrder Exists? (1.6ms)[0m  [1m[34mSELECT 1 AS one FROM "orders" WHERE "orders"."source_id" = '316c6832-e038-4599-bc32-2b0bf1b9f1c1' LIMIT 1 /*application='PizzaOrders'*/[0m
  [1m[36mOrder Create (0.1ms)[0m  [1m[32mINSERT INTO "orders" ("created_at", "discount_code", "promotion_codes", "source_id", "state", "updated_at") VALUES ('2021-04-14 11:16:00', NULL, '[]', '316c6832-e038-4599-bc32-2b0bf1b9f1c1', 0, '2026-09-22 14:06:24.315511') RETURNING "id" /*application='PizzaOrders'*/[0m
  [1m[36mTRANSACTION (0.1ms)[0m  [1m[35mCOMMIT TRANSACTION /*application='PizzaOrders'*/[0m
  [1m[36mPizza Load (0.1ms)[0m  [1m[34mSELECT "pizzas".* FROM "pizzas" WHERE "pizzas"."name" = 'Tonno' LIMIT 1 /*application='PizzaOrders'*/[0m
  [1m[36mTRANSACTION (0.0ms)[0m  [1m[35mBEGIN immediate TRANSACTION /*application='PizzaOrders'*/[0m
  [1m[36mOrderItem Create (1.4ms)[0m  [1m[32mINSERT INTO "order_items" ("created_at", "extra_ingredients", "omitted_ingredients", "order_id", "pizza_id", "size", "updated_at") VALUES ('2026-09-22 14:06:24.331540', '[]', '[]', 1, 3, 'Large', '2026-09-22 14:06:24.331540') RETURNING "id" /*application='PizzaOrders'*/[0m
  [1m[36mTRANSACTION (0.1ms)[0m  [1m[35mCOMMIT TRANSACTION /*application='PizzaOrders'*/[0m
  [1m[36mOrder Load (0.1ms)[0m  [1m[34mSELECT "orders".* FROM "orders" WHERE "orders"."source_id" = 'f40d59d0-48bd-409a-ac7b-54a1b47f6680' LIMIT 1 /*application='PizzaOrders'*/[0m
  [1m[36mTRANSACTION (0.0ms)[0m  [1m[35mBEGIN immediate TRANSACTION /*application='PizzaOrders'*/[0m
  [1m[36mOrder Exists? (1.2ms)[0m  [1m[34mSELECT 1 AS one FROM "orders" WHERE "orders"."source_id" = 'f40d59d0-48bd-409a-ac7b-54a1b47f6680' LIMIT 1 /*application='PizzaOrders'*/[0m
  [1m[36mOrder Create (0.1ms)[0m  [1m[32mINSERT INTO "orders" ("created_at", "discount_code", "promotion_codes", "source_id", "state", "updated_at") VALUES ('2021-04-14 13:17:25', NULL, '[]', 'f40d59d0-48bd-409a-ac7b-54a1b47f6680', 0, '2026-09-22 14:06:24.338658') RETURNING "id" /*application='PizzaOrders'*/[0m
  [1m[36mTRANSACTION (0.1ms)[0m  [1m[35mCOMMIT TRANSACTION /*application='PizzaOrders'*/[0m
  [1m[36mPizza Load (0.1ms)[0m  [1m[34mSELECT "pizzas".* FROM "pizzas" WHERE "pizzas"."name" = 'Margherita' LIMIT 1 /*application='PizzaOrders'*/[0m
  [1m[36mTRANSACTION (0.0ms)[0m  [1m[35mBEGIN immediate TRANSACTION /*application='PizzaOrders'*/[0m
  [1m[36mOrderItem Create (1.1ms)[0m  [1m[32mINSERT INTO "order_items" ("created_at", "extra_ingredients", "omitted_ingredients", "order_id", "pizza_id", "size", "updated_at") VALUES ('2026-09-22 14:06:24.341873', '["Onions","Cheese","Olives"]', '[]', 2, 1, 'Large', '2026-09-22 14:06:24.341873') RETURNING "id" /*application='PizzaOrders'*/[0m
  [1m[36mTRANSACTION (0.1ms)[0m  [1m[35mCOMMIT TRANSACTION /*application='PizzaOrders'*/[0m
  [1m[36mPizza Load (0.1ms)[0m  [1m[34mSELECT "pizzas".* FROM "pizzas" WHERE "pizzas"."name" = 'Tonno' LIMIT 1 /*application='PizzaOrders'*/[0m
  [1m[36mTRANSACTION (0.0ms)[0m  [1m[35mBEGIN immediate TRANSACTION /*application='PizzaOrders'*/[0m
  [1m[36mOrderItem Create (1.1ms)[0m  [1m[32mINSERT INTO "order_items" ("created_at", "extra_ingredients", "omitted_ingredients", "order_id", "pizza_id", "size", "updated_at") VALUES ('2026-09-22 14:06:24.345862', '[]', '["Onions","Olives"]', 2, 3, 'Medium', '2026-09-22 14:06:24.345862') RETURNING "id" /*application='PizzaOrders'*/[0m
  [1m[36mTRANSACTION (0.1ms)[0m  [1m[35mCOMMIT TRANSACTION /*application='PizzaOrders'*/[0m
  [1m[36mPizza Load (0.1ms)[0m  [1m[34mSELECT "pizzas".* FROM "pizzas" WHERE "pizzas"."name" = 'Margherita' LIMIT 1 /*application='PizzaOrders'*/[0m
  [1m[36mTRANSACTION (0.0ms)[0m  [1m[35mBEGIN immediate TRANSACTION /*application='PizzaOrders'*/[0m
  [1m[36mOrderItem Create (1.1ms)[0m  [1m[32mINSERT INTO "order_items" ("created_at", "extra_ingredients", "omitted_ingredients", "order_id", "pizza_id", "size", "updated_at") VALUES ('2026-09-22 14:06:24.349880', '[]', '[]', 2, 1, 'Small', '2026-09-22 14:06:24.349880') RETURNING "id" /*application='PizzaOrders'*/[0m
  [1m[36mTRANSACTION (0.1ms)[0m  [1m[35mCOMMIT TRANSACTION /*application='PizzaOrders'*/[0m
  [1m[36mOrder Load (0.1ms)[0m  [1m[34mSELECT "orders".* FROM "orders" WHERE "orders"."source_id" = '9232679d-e3fd-40bd-81f4-7114ea96e420' LIMIT 1 /*application='PizzaOrders'*/[0m
  [1m[36mTRANSACTION (0.0ms)[0m  [1m[35mBEGIN immediate TRANSACTION /*application='PizzaOrders'*/[0m
  [1m[36mOrder Exists? (1.0ms)[0m  [1m[34mSELECT 1 AS one FROM "orders" WHERE "orders"."source_id" = '9232679d-e3fd-40bd-81f4-7114ea96e420' LIMIT 1 /*application='PizzaOrders'*/[0m
  [1m[36mOrder Create (0.1ms)[0m  [1m[32mINSERT INTO "orders" ("created_at", "discount_code", "promotion_codes", "source_id", "state", "updated_at") VALUES ('2021-04-14 14:08:47', 'SAVE5', '["2FOR1"]', '9232679d-e3fd-40bd-81f4-7114ea96e420', 0, '2026-09-22 14:06:24.359026') RETURNING "id" /*application='PizzaOrders'*/[0m
  [1m[36mTRANSACTION (0.1ms)[0m  [1m[35mCOMMIT TRANSACTION /*application='PizzaOrders'*/[0m
  [1m[36mPizza Load (0.1ms)[0m  [1m[34mSELECT "pizzas".* FROM "pizzas" WHERE "pizzas"."name" = 'Salami' LIMIT 1 /*application='PizzaOrders'*/[0m
  [1m[36mTRANSACTION (0.0ms)[0m  [1m[35mBEGIN immediate TRANSACTION /*application='PizzaOrders'*/[0m
  [1m[36mOrderItem Create (1.1ms)[0m  [1m[32mINSERT INTO "order_items" ("created_at", "extra_ingredients", "omitted_ingredients", "order_id", "pizza_id", "size", "updated_at") VALUES ('2026-09-22 14:06:24.362284', '["Onions"]', '["Cheese"]', 3, 2, 'Medium', '2026-09-22 14:06:24.362284') RETURNING "id" /*application='PizzaOrders'*/[0m
  [1m[36mTRANSACTION (0.1ms)[0m  [1m[35mCOMMIT TRANSACTION /*application='PizzaOrders'*/[0m
  [1m[36mPizza Load (0.1ms)[0m  [1m[34mSELECT "pizzas".* FROM "pizzas" WHERE "pizzas"."name" = 'Salami' LIMIT 1 /*application='PizzaOrders'*/[0m
  [1m[36mTRANSACTION (0.0ms)[0m  [1m[35mBEGIN immediate TRANSACTION /*application='PizzaOrders'*/[0m
  [1m[36mOrderItem Create (1.1ms)[0m  [1m[32mINSERT INTO "order_items" ("created_at", "extra_ingredients", "omitted_ingredients", "order_id", "pizza_id", "size", "updated_at") VALUES ('2026-09-22 14:06:24.367081', '[]', '[]', 3, 2, 'Small', '2026-09-22 14:06:24.367081') RETURNING "id" /*application='PizzaOrders'*/[0m
  [1m[36mTRANSACTION (0.1ms)[0m  [1m[35mCOMMIT TRANSACTION /*application='PizzaOrders'*/[0m
  [1m[36mPizza Load (0.1ms)[0m  [1m[34mSELECT "pizzas".* FROM "pizzas" WHERE "pizzas"."name" = 'Salami' LIMIT 1 /*application='PizzaOrders'*/[0m
  [1m[36mTRANSACTION (0.0ms)[0m  [1m[35mBEGIN immediate TRANSACTION /*application='PizzaOrders'*/[0m
  [1m[36mOrderItem Create (1.6ms)[0m  [1m[32mINSERT INTO "order_items" ("created_at", "extra_ingredients", "omitted_ingredients", "order_id", "pizza_id", "size", "updated_at") VALUES ('2026-09-22 14:06:24.371140', '[]', '[]', 3, 2, 'Small', '2026-09-22 14:06:24.371140') RETURNING "id" /*application='PizzaOrders'*/[0m
  [1m[36mTRANSACTION (0.1ms)[0m  [1m[35mCOMMIT TRANSACTION /*application='PizzaOrders'*/[0m
  [1m[36mPizza Load (0.1ms)[0m  [1m[34mSELECT "pizzas".* FROM "pizzas" WHERE "pizzas"."name" = 'Salami' LIMIT 1 /*application='PizzaOrders'*/[0m
  [1m[36mTRANSACTION (0.0ms)[0m  [1m[35mBEGIN immediate TRANSACTION /*application='PizzaOrders'*/[0m
  [1m[36mOrderItem Create (1.1ms)[0m  [1m[32mINSERT INTO "order_items" ("created_at", "extra_ingredients", "omitted_ingredients", "order_id", "pizza_id", "size", "updated_at") VALUES ('2026-09-22 14:06:24.376332', '[]', '[]', 3, 2, 'Small', '2026-09-22 14:06:24.376332') RETURNING "id" /*application='PizzaOrders'*/[0m
  [1m[36mTRANSACTION (0.1ms)[0m  [1m[35mCOMMIT TRANSACTION /*application='PizzaOrders'*/[0m
  [1m[36mPizza Load (0.1ms)[0m  [1m[34mSELECT "pizzas".* FROM "pizzas" WHERE "pizzas"."name" = 'Salami' LIMIT 1 /*application='PizzaOrders'*/[0m
  [1m[36mTRANSACTION (0.0ms)[0m  [1m[35mBEGIN immediate TRANSACTION /*application='PizzaOrders'*/[0m
  [1m[36mOrderItem Create (1.0ms)[0m  [1m[32mINSERT INTO "order_items" ("created_at", "extra_ingredients", "omitted_ingredients", "order_id", "pizza_id", "size", "updated_at") VALUES ('2026-09-22 14:06:24.380403', '["Olives"]', '[]', 3, 2, 'Small', '2026-09-22 14:06:24.380403') RETURNING "id" /*application='PizzaOrders'*/[0m
  [1m[36mTRANSACTION (0.1ms)[0m  [1m[35mCOMMIT TRANSACTION /*application='PizzaOrders'*/[0m
